smiles,value,cano_smiles
CCCC1=NC=C(C=C1)C2=NC(=NO2)C3=CC(=C(C(=C3)CC)OCC(CNC(=O)CO)O)C,-3.2479732663618064,CCCc1ccc(-c2nc(-c3cc(C)c(OCC(O)CNC(=O)CO)c(CC)c3)no2)cn1
CCC1=CC(=CC(=C1OCC(CNC(=O)CO)O)C)C2=NOC(=N2)C3=CC(=C(S3)CN(C)C)CC,-1.6532125137753435,CCc1cc(-c2nc(-c3cc(C)c(OCC(O)CNC(=O)CO)c(CC)c3)no2)sc1CN(C)C
CC1=CC(=NN1C2=NC(=C3C4=C(CCCC4)SC3=N2)NCC(C)O)C,-3.891537457672564,Cc1cc(C)n(-c2nc(NCC(C)O)c3c4c(sc3n2)CCCC4)n1
C1C(CN1CC2=CC(=C(C=C2)C3=CC4=C(O3)C=CC(=C4)CC5=CC=CC=C5)F)C(=O)O,-3.2380461031287955,O=C(O)C1CN(Cc2ccc(-c3cc4cc(Cc5ccccc5)ccc4o3)c(F)c2)C1
CCC1=CC(=CC(=C1OCC(CNC(=O)CO)O)C)C2=NOC(=N2)C3=CC(=NC(=C3)OC(C)C)C,-1.977723605288848,CCc1cc(-c2noc(-c3cc(C)nc(OC(C)C)c3)n2)cc(C)c1OCC(O)CNC(=O)CO
CCCCN(C1=NN=C(S1)C2=CC=C(C=C2)CNCCC(=O)O)C(=O)C3=CC=CC=C3F,-2.845098040014257,CCCCN(C(=O)c1ccccc1F)c1nnc(-c2ccc(CNCCC(=O)O)cc2)s1
CCC1=CC(=CC(=C1OCC(CNC(=O)CO)O)C)C2=NOC(=N2)C3=NC(=CC(=C3)CC(C)C)C,-2.143014800254095,CCc1cc(-c2noc(-c3cc(CC(C)C)cc(C)n3)n2)cc(C)c1OCC(O)CNC(=O)CO
CC1=C(CCC2=C1C=CC(=C2)OCCCC3=CC=CC=C3F)CN4CC(C4)C(=O)O,-3.462397997898956,CC1=C(CN2CC(C(=O)O)C2)CCc2cc(OCCCc3ccccc3F)ccc21
CCC1=CC(=CC(=C1OCC(CNC(=O)CO)O)C)C2=NOC(=N2)C3=CC(=C(C=C3)CN(CC)CC)C,-2.7481880270062,CCc1cc(-c2noc(-c3ccc(CN(CC)CC)c(C)c3)n2)cc(C)c1OCC(O)CNC(=O)CO
CC1=C(C=CC(=C1)C(=NOCC2=CC(=C(C=C2)C3CCCCC3)C(F)(F)F)C)CN4CC(C4)C(=O)O,-3.505149978319906,CC(=NOCc1ccc(C2CCCCC2)c(C(F)(F)F)c1)c1ccc(CN2CC(C(=O)O)C2)c(C)c1
CCC1=CC=C(C=C1)C2=NC(=CO2)C3=CC=C(C=C3)CCC(CO)(COP(=O)(O)O)N,-2.6190933306267428,CCc1ccc(-c2nc(-c3ccc(CCC(N)(CO)COP(=O)(O)O)cc3)co2)cc1
C1=CC(=CC=C1CCC(CO)(COP(=O)(O)O)N)C2=COC(=N2)CC3=CC=C(C=C3)F,-2.9180303367848803,NC(CO)(CCc1ccc(-c2coc(Cc3ccc(F)cc3)n2)cc1)COP(=O)(O)O
CCC1=NC(=CO1)C2=CC=C(C=C2)C3=CC=C(C=C3)CCC(CO)(COP(=O)(O)O)N.Cl,-3.024485667699167,CCc1nc(-c2ccc(-c3ccc(CCC(N)(CO)COP(=O)(O)O)cc3)cc2)co1.Cl
CC1=C(C=C2C=NNC2=C1)NC(=O)C3=CC(=NC=N3)N(CC4CC4)C5CCCCC5,-3.5145477526602864,Cc1cc2[nH]ncc2cc1NC(=O)c1cc(N(CC2CC2)C2CCCCC2)ncn1
C1CC1C2=CC(=NO2)C(=O)N(CC3=CC=CC=C3)C4=CC=CC=N4,-3.8171024042569233,O=C(c1cc(C2CC2)on1)N(Cc1ccccc1)c1ccccn1
CC(CC(=O)O)N1CCC2=C(C1)N=C(O2)C3=CC=C(C=C3)OCC4=C(C(=CC=C4)F)F,-3.204119982655925,CC(CC(=O)O)N1CCc2oc(-c3ccc(OCc4cccc(F)c4F)cc3)nc2C1
CCC1=CC(=CC(=C1OCC(CNC(=O)CO)O)C)C2=NOC(=N2)C3=CC(=NC(=C3)OC)CC(C)C,-1.4313637641589874,CCc1cc(-c2noc(-c3cc(CC(C)C)nc(OC)c3)n2)cc(C)c1OCC(O)CNC(=O)CO
CC(=CC1=CC=C(C=C1)OCCCCC2=CC=CC=C2)CNCCC(=O)O,-3.4771212547196626,CC(=Cc1ccc(OCCCCc2ccccc2)cc1)CNCCC(=O)O
CCC1=CC(=CC(=C1OCC(CNC(=O)CO)O)C)CCC(=O)C2=C3CCC(CC3=C(S2)OC)(C)C,-3.5921767573958667,CCc1cc(CCC(=O)c2sc(OC)c3c2CCC(C)(C)C3)cc(C)c1OCC(O)CNC(=O)CO
CN1C=C(C(=O)C2=C1N=CC=C2)C(=O)NC3=CC(=C(C=C3)C4=CC=CC=C4)C(F)(F)F,-3.397940008672037,Cn1cc(C(=O)Nc2ccc(-c3ccccc3)c(C(F)(F)F)c2)c(=O)c2cccnc21
CC1=CC(=CC(=C1OCCCNC)C)CCC(=O)C2=C3CC4C(C3=C(S2)C)C4(C)C,-3.7015679850559273,CNCCCOc1c(C)cc(CCC(=O)c2sc(C)c3c2CC2C3C2(C)C)cc1C
CCCCCCCCCCC1=CC=C(C=C1)NC(=O)C(CC(OP(=O)(O)O)F)N,-1.3617278360175928,CCCCCCCCCCc1ccc(NC(=O)C(N)CC(F)OP(=O)(O)O)cc1
CCC1=CC(=CC(=C1OCC(CNC(=O)CO)O)C)C2=NOC(=N2)C3=CC(=C(N=C3)N(CC)CC)CC,-1.4771212547196624,CCc1cc(-c2nc(-c3cc(C)c(OCC(O)CNC(=O)CO)c(CC)c3)no2)cnc1N(CC)CC
CCC1=CC(=CC(=C1OCC(CNC(=O)CO)O)C)C2=NOC(=N2)C3=CC(=C(N=C3)N(CC)CC)C,-2.7895807121644256,CCc1cc(-c2noc(-c3cnc(N(CC)CC)c(C)c3)n2)cc(C)c1OCC(O)CNC(=O)CO
CC1=CC(=CC(=C1OCCNCCO)C)CCC(=O)C2=C3CC4C(C3=C(S2)C)C4(C)C,-3.0170333392987803,Cc1cc(CCC(=O)c2sc(C)c3c2CC2C3C2(C)C)cc(C)c1OCCNCCO
CC1=CC(=CC(=C1OCC(CNCC(=O)O)O)C)CCC(=O)C2=C3CC4C(C3=C(S2)C)C4(C)C,-2.775974331129369,Cc1cc(CCC(=O)c2sc(C)c3c2CC2C3C2(C)C)cc(C)c1OCC(O)CNCC(=O)O
CC1=C(C=CC(=C1)CCC(=O)O)C2=NOC(=N2)C3=CC(=C(C=C3)OC(C)C)C(F)(F)F,-2.041392685158225,Cc1cc(CCC(=O)O)ccc1-c1noc(-c2ccc(OC(C)C)c(C(F)(F)F)c2)n1
CCC1=CC(=CC(=C1OCCC(=O)O)C)C2=NOC(=N2)C3=C4CCC(CC4=C(S3)CC)(C)C,-1.414973347970818,CCc1cc(-c2noc(-c3sc(CC)c4c3CCC(C)(C)C4)n2)cc(C)c1OCCC(=O)O
CCCOC1=C(C=C(C=C1)C2=NC(=NO2)C3=C4CCN(C4=CC=C3)CC(CO)(CO)N)OCCC,-2.4913616938342726,CCCOc1ccc(-c2nc(-c3cccc4c3CCN4CC(N)(CO)CO)no2)cc1OCCC
COC1=CC=C(C=C1)CC2=NC(=CO2)C3=CC=C(C=C3)CCC(CO)(COP(=O)(O)O)N,-2.953807997665307,COc1ccc(Cc2nc(-c3ccc(CCC(N)(CO)COP(=O)(O)O)cc3)co2)cc1
C1CCC(CC1)(C2=CC=CC=C2)C3=NC4=C(C=C3)N=C(S4)C5=C(C=C(C=C5)CN6CC(C6)C(=O)O)F,-2.9222062774390163,O=C(O)C1CN(Cc2ccc(-c3nc4ccc(C5(c6ccccc6)CCCCC5)nc4s3)c(F)c2)C1
CCCCCCCCCCCCNC(=O)C(COP(=O)(O)O)N.C(=O)(C(F)(F)F)O,-2.9270622434930003,CCCCCCCCCCCCNC(=O)C(N)COP(=O)(O)O.O=C(O)C(F)(F)F
CC1=CC(=CC(=C1OCC(CNC(=O)CO)O)C)CCC(=O)C2=C(C(=C(S2)C)CC(C)C)C,-3.7218106152125454,Cc1cc(CCC(=O)c2sc(C)c(CC(C)C)c2C)cc(C)c1OCC(O)CNC(=O)CO
CCC1=CC(=CC(=C1OCC(CNC(=O)CO)O)C)C2=NOC(=N2)C3=CC(=C(C=C3)CN4CCCC4)C,-3.4913616938342726,CCc1cc(-c2noc(-c3ccc(CN4CCCC4)c(C)c3)n2)cc(C)c1OCC(O)CNC(=O)CO
CCCC1=C(C=CC(=C1)C2=CN=C(S2)C3=C(C=C(S3)CN4CC(C4)C(=O)O)CC)OC(C)C,-2.6020599913279625,CCCc1cc(-c2cnc(-c3sc(CN4CC(C(=O)O)C4)cc3CC)s2)ccc1OC(C)C
CC1=CC(=CC(=C1OCC(=O)NCCO)C)CCC(=O)C2=C3CC4C(C3=C(S2)C)C4(C)C,-3.5327543789924976,Cc1cc(CCC(=O)c2sc(C)c3c2CC2C3C2(C)C)cc(C)c1OCC(=O)NCCO
CC(C)OC1=C(C=C(C=C1)C2=NC(=NO2)C3=CC4=C(C=C3)OCCNC4)C#N,-3.8000145613195073,CC(C)Oc1ccc(-c2nc(-c3ccc4c(c3)CNCCO4)no2)cc1C#N
CN1C=C(C(=O)C2=C1C=C(C=C2)CC(=O)O)C(=O)NC3=CC(=C(C=C3)C4=CC=CC=C4)C(F)(F)F,-3.2041199826559246,Cn1cc(C(=O)Nc2ccc(-c3ccccc3)c(C(F)(F)F)c2)c(=O)c2ccc(CC(=O)O)cc21
CCC1=CC(=CC(=C1OCC(CNC(=O)CO)O)C)C2=NOC(=N2)C3=NC(=C(C=C3)N(CC)CC)C,-3.775246259740237,CCc1cc(-c2noc(-c3ccc(N(CC)CC)c(C)n3)n2)cc(C)c1OCC(O)CNC(=O)CO
CCC1=CC(=CC(=C1OCC(CNC(=O)CO)O)C)C2=NOC(=N2)C3=C4CCC(CC4=CS3)(C)C,-2.496929648073215,CCc1cc(-c2noc(-c3scc4c3CCC(C)(C)C4)n2)cc(C)c1OCC(O)CNC(=O)CO
CC(=CC1=CC=C(C=C1)OCCCC2=CC=CC=C2)CNCCC(=O)O,-3.2787536009528284,CC(=Cc1ccc(OCCCc2ccccc2)cc1)CNCCC(=O)O
CCC1=NC(=CO1)C2=CC=C(C=C2)OC3=CC=C(C=C3)CCC(CO)(COP(=O)(O)O)N,-3.0,CCc1nc(-c2ccc(Oc3ccc(CCC(N)(CO)COP(=O)(O)O)cc3)cc2)co1
C1C(CN1CC2=CC(=C(C=C2)C3=NC4=C(S3)C=CC(=C4)CC5=CC(=CC=C5)F)F)C(=O)O,-2.8369567370595505,O=C(O)C1CN(Cc2ccc(-c3nc4cc(Cc5cccc(F)c5)ccc4s3)c(F)c2)C1
C1CCC(CC1)N(C2CCCC2)C(=O)C3=NOC(=C3)C4CC4,-3.226084115975824,O=C(c1cc(C2CC2)on1)N(C1CCCCC1)C1CCCC1
CCC1=CC(=CC(=C1OCC(CNC(=O)CO)O)C)C2=NOC(=N2)C3=NC(=CC(=C3)C)C4CCCC4,-2.937517892017347,CCc1cc(-c2noc(-c3cc(C)cc(C4CCCC4)n3)n2)cc(C)c1OCC(O)CNC(=O)CO
CC(C)OC1=C(C=C(C=C1)C2=NC(=NO2)C3=CC4=C(CCN(CC4)CCC(=O)O)C=C3)Cl,-4.0,CC(C)Oc1ccc(-c2nc(-c3ccc4c(c3)CCN(CCC(=O)O)CC4)no2)cc1Cl
CCC1=CC(=CC(=C1OCC(CNC(=O)CO)O)C)C2=NOC(=N2)C3=NC(=CC(=C3)N(CC)CC)C,-3.719331286983728,CCc1cc(-c2noc(-c3cc(N(CC)CC)cc(C)n3)n2)cc(C)c1OCC(O)CNC(=O)CO
CCCCCCCCC1=CC=C(C=C1)CCC(CO)(COP(=O)(O)O)N,-0.5185139398778874,CCCCCCCCc1ccc(CCC(N)(CO)COP(=O)(O)O)cc1
CCC1=CC(=CC(=C1OCC(CNC(=O)CO)O)C)C2=NOC(=N2)C3=C4CCC(CC4=C(S3)CC)(C)C,-0.9493900066449128,CCc1cc(-c2noc(-c3sc(CC)c4c3CCC(C)(C)C4)n2)cc(C)c1OCC(O)CNC(=O)CO
CC1=CC(=CC(=C1OCC(=O)NC)C)CCC(=O)C2=C3CC4C(C3=C(S2)C)C4(C)C,-2.9395192526186187,CNC(=O)COc1c(C)cc(CCC(=O)c2sc(C)c3c2CC2C3C2(C)C)cc1C
C1C(CN1CC2=CC=C(C=C2)C3=NOC(=N3)C4=NOC(=C4C(F)(F)F)C5=CC=CC=C5)C(=O)O,-3.612783856719736,O=C(O)C1CN(Cc2ccc(-c3noc(-c4noc(-c5ccccc5)c4C(F)(F)F)n3)cc2)C1
CCCC1=CC(=NO1)C(=O)N(C2CCCCC2)C3CCCCC3,-2.637489729512511,CCCc1cc(C(=O)N(C2CCCCC2)C2CCCCC2)no1
CC1=CC(=CC(=C1OCCN)C)CCC(=O)C2=C3CC4C(C3=C(S2)C)C4(C)C,-2.60959440922522,Cc1cc(CCC(=O)c2sc(C)c3c2CC2C3C2(C)C)cc(C)c1OCCN
CCCN(C)CC1=CC(=CC(=N1)C)C2=NC(=NO2)C3=CC(=C(C(=C3)CC)OCC(CNC(=O)CO)O)C,-2.9395192526186187,CCCN(C)Cc1cc(-c2nc(-c3cc(C)c(OCC(O)CNC(=O)CO)c(CC)c3)no2)cc(C)n1
CCC1=CC(=CC(=C1OCC(CNC(=O)CO)O)C)C2=NOC(=N2)C3=CC(=C(C=C3)C)CN(C)CC,-3.9542425094393248,CCc1cc(-c2noc(-c3ccc(C)c(CN(C)CC)c3)n2)cc(C)c1OCC(O)CNC(=O)CO
CC(C)OC1=C(C=C(C=C1)C2=NC(=NO2)C3=C4CCC(C4=CC=C3)NCC(=O)N(C)C)C#N.Cl,-3.9452715815077104,CC(C)Oc1ccc(-c2nc(-c3cccc4c3CCC4NCC(=O)N(C)C)no2)cc1C#N.Cl
C1CCC(CC1)N(C2CCCCC2)C(=O)C3=NOC(=C3)C4CC4,-2.0211892990699383,O=C(c1cc(C2CC2)on1)N(C1CCCCC1)C1CCCCC1
CC1=C(CCC2=C1C=CC(=C2)OCC(C)CC3=CC=C(C=C3)Cl)CN4CC(C4)C(=O)O,-3.9138138523837167,CC1=C(CN2CC(C(=O)O)C2)CCc2cc(OCC(C)Cc3ccc(Cl)cc3)ccc21
CC1=C(C=CC(=C1)CCC(=O)C2=C3CC4C(C3=C(S2)C)C4(C)C)OCCO,-3.4132997640812524,Cc1cc(CCC(=O)c2sc(C)c3c2CC2C3C2(C)C)ccc1OCCO
CCC1=CC(=CC(=C1OCC(CNC(=O)CO)O)C)C2=NOC(=N2)C3=C4CCC(CC4=C(S3)C)(C)C,-2.0863598306747484,CCc1cc(-c2noc(-c3sc(C)c4c3CCC(C)(C)C4)n2)cc(C)c1OCC(O)CNC(=O)CO
CCCN(CCC)C1=NC=NC(=C1)C(=O)NC2=CC=C(C=C2)O,-3.3654879848909,CCCN(CCC)c1cc(C(=O)Nc2ccc(O)cc2)ncn1
CC(C)OC1=C(C=C(C=C1)C2=NC(=NO2)C3=CC4=C(CN(CC4)CCC(=O)O)C=C3)C#N,-3.599995995780543,CC(C)Oc1ccc(-c2nc(-c3ccc4c(c3)CCN(CCC(=O)O)C4)no2)cc1C#N
CCC1=C(C=CC=C1CCN2CC(C2)C(=O)O)C3=NSC(=N3)C4=CC(=C(C=C4)OC(C)C)C(F)(F)F,-3.500000321342936,CCc1c(CCN2CC(C(=O)O)C2)cccc1-c1nsc(-c2ccc(OC(C)C)c(C(F)(F)F)c2)n1
CC1(CC(C1)C(=O)N2CCN(CC2)C3=NOC(=N3)C4=CC(=C(C=C4Cl)OCC(CO)N)F)C,-2.6532125137753435,CC1(C)CC(C(=O)N2CCN(c3noc(-c4cc(F)c(OCC(N)CO)cc4Cl)n3)CC2)C1
COC1=CC=CC(=C1)C2=CC=C(C=C2)OC3=CC=C(C=C3)CCC(CO)(COP(=O)(O)O)N,-3.3418300569205104,COc1cccc(-c2ccc(Oc3ccc(CCC(N)(CO)COP(=O)(O)O)cc3)cc2)c1
C1=CC=C(C=C1)COC2=CC=C(C=C2)C3=CC(=C(C=C3)CCC(CO)(COP(=O)(O)O)N)Cl,-1.1139433523068367,NC(CO)(CCc1ccc(-c2ccc(OCc3ccccc3)cc2)cc1Cl)COP(=O)(O)O
CCCCCC1=NC(=CO1)C2=CC=C(C=C2)CCC(CO)(COP(=O)(O)O)N,-3.1886472959997163,CCCCCc1nc(-c2ccc(CCC(N)(CO)COP(=O)(O)O)cc2)co1
CC(CN1CCC2=C(C1)N=C(O2)C3=CC=C(C=C3)OCC4=CC=C(C=C4)C(F)(F)F)C(=O)O,-3.505149978319906,CC(CN1CCc2oc(-c3ccc(OCc4ccc(C(F)(F)F)cc4)cc3)nc2C1)C(=O)O
CCCCCCCCC1=CC=C(C=C1)C2=CN=C(N2)C(COP(=O)(O)O)N,-3.230448921378274,CCCCCCCCc1ccc(-c2cnc(C(N)COP(=O)(O)O)[nH]2)cc1
CCCCCCCOC1=CC=C(C=C1)CCC(C)(CC(=O)O)N,-2.4771212547196626,CCCCCCCOc1ccc(CCC(C)(N)CC(=O)O)cc1
C1=CC(=CC=C1CCC(CO)(COP(=O)(O)O)N)OC2=CC=C(C=C2)CC3=CC=C(C=C3)F,-3.0572856444182146,NC(CO)(CCc1ccc(Oc2ccc(Cc3ccc(F)cc3)cc2)cc1)COP(=O)(O)O
C1C(CN1CC2=CC(=C(C=C2)C3=NC4=C(O3)C=C(C=C4)CC5=CC=CC=C5)F)C(=O)O,-2.733999286538387,O=C(O)C1CN(Cc2ccc(-c3nc4ccc(Cc5ccccc5)cc4o3)c(F)c2)C1
C1=CC(=CC=C1CCC(CO)(COP(=O)(O)O)N)C2=COC(=N2)C3=CC=C(C=C3)C(F)(F)F,-2.5514499979728757,NC(CO)(CCc1ccc(-c2coc(-c3ccc(C(F)(F)F)cc3)n2)cc1)COP(=O)(O)O
CC1=C(CCC2=C1C=CC(=C2)OCC(C)CC3=CC=C(C=C3)Cl)CN4CC(C4)C(=O)O.Cl,-3.9138138523837167,CC1=C(CN2CC(C(=O)O)C2)CCc2cc(OCC(C)Cc3ccc(Cl)cc3)ccc21.Cl
CC1=CC=CC=C1CC2=CC3=C(C=C2)SC(=N3)C4=C(C=C(C=C4)CN5CC(C5)C(=O)O)F,-3.3873898263387296,Cc1ccccc1Cc1ccc2sc(-c3ccc(CN4CC(C(=O)O)C4)cc3F)nc2c1
CCCCCCCOC1=CC=C(C=C1)CCC(C)(COP(=O)(O)O)N,-0.7323937598229685,CCCCCCCOc1ccc(CCC(C)(N)COP(=O)(O)O)cc1
C1CC2=C(C=CC(=C2)OCCCCC3=CC=CC=C3)C=C1CNCCC(=O)O,-3.89209460269048,O=C(O)CCNCC1=Cc2ccc(OCCCCc3ccccc3)cc2CC1
CC(C)(C1=CC=CC=C1)C2=NC3=C(C=C2)N=C(S3)C4=C(C=C(C=C4)CN5CC(C5)C(=O)O)F,-3.3996737214810384,CC(C)(c1ccccc1)c1ccc2nc(-c3ccc(CN4CC(C(=O)O)C4)cc3F)sc2n1
CCCCC1=CC=C(S1)C2=NC(=NO2)C3=CC(=C(C(=C3)C)OCC(CNC(=O)CO)O)C,-3.0979510709941502,CCCCc1ccc(-c2nc(-c3cc(C)c(OCC(O)CNC(=O)CO)c(C)c3)no2)s1
CCCCN(C1=NN=C(S1)C2=C3C=CN(C3=CC=C2)CCC(=O)O)C(=O)C4=CC=C(C=C4)C(F)(F)F,-3.1999991251967965,CCCCN(C(=O)c1ccc(C(F)(F)F)cc1)c1nnc(-c2cccc3c2ccn3CCC(=O)O)s1
CCC1=CC(=CC(=C1CCC(=O)O)C)C2=NOC(=N2)C3=C4CC5C(C4=C(S3)C)C5(C)C,-3.4593924877592315,CCc1cc(-c2noc(-c3sc(C)c4c3CC3C4C3(C)C)n2)cc(C)c1CCC(=O)O
C1CCC(CC1)(CCC2=NC(=NO2)C3=CC(=CC=C3)CN4C=NC(=C4Cl)Cl)C5=CC=CC=C5,-3.113943352306837,Clc1ncn(Cc2cccc(-c3noc(CCC4(c5ccccc5)CCCCC4)n3)c2)c1Cl
C1C(CN1CC2=CC=C(C=C2)C3=NOC(=N3)C4=CC(=C(S4)C(F)(F)F)C5=CC=CC=C5)C(=O)O,-2.90768002424242,O=C(O)C1CN(Cc2ccc(-c3noc(-c4cc(-c5ccccc5)c(C(F)(F)F)s4)n3)cc2)C1
CCC1=CC(=CC(=C1OCC(CNC(=O)CO)O)C)C2=NOC(=N2)C3=CC(=NC=C3)CCC(C)C,-3.5717088318086883,CCc1cc(-c2noc(-c3ccnc(CCC(C)C)c3)n2)cc(C)c1OCC(O)CNC(=O)CO
CCC1=CC(=CC(=C1OCC(CNC(=O)CO)O)C)C2=NOC(=N2)C3=C4CCC(CC4=C(S3)CC)(CC)CC,-0.07918124604762483,CCc1cc(-c2noc(-c3sc(CC)c4c3CCC(CC)(CC)C4)n2)cc(C)c1OCC(O)CNC(=O)CO
CCCN(C)CC1=CC(=CC(=C1)C)C2=NC(=NO2)C3=CC(=C(C(=C3)CC)OCC(CNC(=O)CO)O)C,-2.57978359661681,CCCN(C)Cc1cc(C)cc(-c2nc(-c3cc(C)c(OCC(O)CNC(=O)CO)c(CC)c3)no2)c1
CC1=NC(=CO1)C2=CC=C(C=C2)C3=CC=C(C=C3)CCC(CO)(COP(=O)(O)O)N,-3.0,Cc1nc(-c2ccc(-c3ccc(CCC(N)(CO)COP(=O)(O)O)cc3)cc2)co1
C1=CC(=CC=C1CCC(CO)(COP(=O)(O)O)N)C2=COC(=N2)C3=CC=C(C=C3)OC(F)(F)F,-3.3242824552976926,NC(CO)(CCc1ccc(-c2coc(-c3ccc(OC(F)(F)F)cc3)n2)cc1)COP(=O)(O)O
CC(C)OC1=C(C=C(C=C1)C2=NC(=NO2)C3=CC4=C(C=C3)OCCN(C4)CCC(=O)O)Cl,-3.2999711989918064,CC(C)Oc1ccc(-c2nc(-c3ccc4c(c3)CN(CCC(=O)O)CCO4)no2)cc1Cl
C1CC1COC2=CC3=C(C=C2)OC(=C3)C4=C(C=C(C=C4)CN5CC(C5)C(=O)O)F,-3.6812412373755867,O=C(O)C1CN(Cc2ccc(-c3cc4cc(OCC5CC5)ccc4o3)c(F)c2)C1
CN1C=C(C(=O)C2=CC=CC=C21)C(=O)NC3=CN=C(C(=C3)C(F)(F)F)C4=CC=CC=C4,-3.397940008672037,Cn1cc(C(=O)Nc2cnc(-c3ccccc3)c(C(F)(F)F)c2)c(=O)c2ccccc21
CC1=CC(=NN1C2=NC(=C3C4=C(CCCC4)SC3=N2)NCCCO)C,-3.631443769013172,Cc1cc(C)n(-c2nc(NCCCO)c3c4c(sc3n2)CCCC4)n1
CN1C=C(C(=O)C2=C1C=CC=N2)C(=O)NC3=CC(=C(C=C3)C4=CC=CC=C4)C(F)(F)F,-3.397940008672037,Cn1cc(C(=O)Nc2ccc(-c3ccccc3)c(C(F)(F)F)c2)c(=O)c2ncccc21
C1=CC=C(C=C1)CCCCOC2=CC(=C(C=C2)C=CCNCCC(=O)O)Cl,-3.857332496431269,O=C(O)CCNCC=Cc1ccc(OCCCCc2ccccc2)cc1Cl
CCC1=C(SC(=C1CC(C)C)C)C2=NC(=NO2)C3=CC(=C(C(=C3)C)OCC(CNC(=O)CO)O)C,-2.2355284469075487,CCc1c(-c2nc(-c3cc(C)c(OCC(O)CNC(=O)CO)c(C)c3)no2)sc(C)c1CC(C)C
CC1=C2C3C(C3(C)C)CC2=C(S1)C(=O)CCC4=CC=C(C=C4)OCCO,-3.2068258760318487,Cc1sc(C(=O)CCc2ccc(OCCO)cc2)c2c1C1C(C2)C1(C)C
CCCC1=C2CC(CCC2=C(S1)C(=O)CCC3=CC(=C(C(=C3)CC)OCC(CNC(=O)CO)O)C)(C)C,-1.3979400086720375,CCCc1sc(C(=O)CCc2cc(C)c(OCC(O)CNC(=O)CO)c(CC)c2)c2c1CC(C)(C)CC2
CC1=C(C=CC(=C1)C2CC2C(=O)O)C3=NOC(=N3)C4=CC(=C(C=C4)OC(C)C)C(F)(F)F,-2.089905111439398,Cc1cc(C2CC2C(=O)O)ccc1-c1noc(-c2ccc(OC(C)C)c(C(F)(F)F)c2)n1
CCC1=C2CC(CCC2=C(S1)C(=O)CCC3=CC(=C(C(=C3)C)OCC(CO)O)C)C,-2.7774268223893115,CCc1sc(C(=O)CCc2cc(C)c(OCC(O)CO)c(C)c2)c2c1CC(C)CC2
CC1=C(C=CC(=C1)CCC(=O)O)C2=NOC(=N2)C3=CC(=C(C=C3)OCC(F)(F)F)C#N,-3.2041199826559246,Cc1cc(CCC(=O)O)ccc1-c1noc(-c2ccc(OCC(F)(F)F)c(C#N)c2)n1
C1CCC(C1)C(=O)N2CCN(CC2)C3=NN=C(S3)C4=CC(=C(C=C4Cl)OCC(CO)N)F,-2.6127838567197355,NC(CO)COc1cc(Cl)c(-c2nnc(N3CCN(C(=O)C4CCCC4)CC3)s2)cc1F
COC1=CC(=CC(=C1)C2=NOC(=N2)CCC3(CCCCC3)C4=CC=CC=C4)OC,-3.230448921378274,COc1cc(OC)cc(-c2noc(CCC3(c4ccccc4)CCCCC3)n2)c1
CC(C)C1=C(ON=C1C2=NC(=NO2)C3=CC=C(C=C3)CN4CC(C4)C(=O)O)C5=CC=CC=C5,-3.707570176097936,CC(C)c1c(-c2nc(-c3ccc(CN4CC(C(=O)O)C4)cc3)no2)noc1-c1ccccc1
CN1C=C(C(=O)C2=CC=CC=C21)C(=O)NC3=CC(=C(C=C3)C4=CC=CC=N4)C(F)(F)F,-3.397940008672037,Cn1cc(C(=O)Nc2ccc(-c3ccccn3)c(C(F)(F)F)c2)c(=O)c2ccccc21
CCC1=CC(=CC(=C1OCC(CNC(=O)CO)O)C)C2=NOC(=N2)C3=CC=C(S3)CN(C)CC,-3.662757831681574,CCc1cc(-c2noc(-c3ccc(CN(C)CC)s3)n2)cc(C)c1OCC(O)CNC(=O)CO
CC(C)(C)C1=C(ON=C1C2=NC(=NO2)C3=CC=C(C=C3)CN4CC(C4)C(=O)O)C5=CC=CC=C5,-3.4149733479708178,CC(C)(C)c1c(-c2nc(-c3ccc(CN4CC(C(=O)O)C4)cc3)no2)noc1-c1ccccc1
CC1=C2CN(CCC2=NN1C3=NN=C(S3)C4=CC(=C(C=C4)OC(C)C)Cl)CCC(=O)O,-3.899984562549392,Cc1c2c(nn1-c1nnc(-c3ccc(OC(C)C)c(Cl)c3)s1)CCN(CCC(=O)O)C2
CCCCCCCCC1=CC(=CC=C1)NC(=O)C(COP(=O)(O)O)N,-2.6532125137753435,CCCCCCCCc1cccc(NC(=O)C(N)COP(=O)(O)O)c1
CC1=C(C=CC(=C1)CCC(=O)O)C2=NOC(=N2)C3=CC(=C(N=C3)OC(C)C(F)(F)F)Cl,-2.204119982655925,Cc1cc(CCC(=O)O)ccc1-c1noc(-c2cnc(OC(C)C(F)(F)F)c(Cl)c2)n1
CCCCCCCCC1=CC=C(C=C1)C2=CN=C(N2)C(CO)(COP(=O)(O)O)N.Cl,-2.7993405494535817,CCCCCCCCc1ccc(-c2cnc(C(N)(CO)COP(=O)(O)O)[nH]2)cc1.Cl
CC1=C(CCC2=C1C=CC(=C2)OCC(C)CC3=CC=C(C=C3)F)CN4CC(C4)C(=O)O.Cl,-3.975431808509264,CC1=C(CN2CC(C(=O)O)C2)CCc2cc(OCC(C)Cc3ccc(F)cc3)ccc21.Cl
CCC1=C(ON=C1C2=NC(=NO2)C3=CC=C(C=C3)CN4CC(C4)C(=O)O)C5=CC=CC=N5,-3.2787536009528284,CCc1c(-c2nc(-c3ccc(CN4CC(C(=O)O)C4)cc3)no2)noc1-c1ccccn1
C1C(CN1CC2=CC=C(C=C2)C3=NOC(=N3)C4=C(C(=NO4)C5=CC=CC=N5)C(F)(F)F)C(=O)O,-3.462397997898956,O=C(O)C1CN(Cc2ccc(-c3noc(-c4onc(-c5ccccn5)c4C(F)(F)F)n3)cc2)C1
CCC1=CC(=CC(=C1OCC(CNC(=O)CO)O)C)C2=NOC(=N2)C3=CC(=C(C=C3)CN(C)CC)CC,-2.0,CCc1cc(-c2nc(-c3cc(C)c(OCC(O)CNC(=O)CO)c(CC)c3)no2)ccc1CN(C)CC
C1CSCN1C(=O)C2=CC3=C(C=C2)N=C(S3)C4=C(C=C(C=C4)CN5CC(C5)C(=O)O)F,-3.8704039052790264,O=C(O)C1CN(Cc2ccc(-c3nc4ccc(C(=O)N5CCSC5)cc4s3)c(F)c2)C1
CCCCC1=C(ON=C1C2=NC(=NO2)C3=CC=C(C=C3)CN4CC(C4)C(=O)O)C5=CC=CC=C5,-2.832508912706236,CCCCc1c(-c2nc(-c3ccc(CN4CC(C(=O)O)C4)cc3)no2)noc1-c1ccccc1
CC1=CC(=CC(=C1OCCCNC(CC(=O)O)C(=O)O)C)CCC(=O)C2=C3CC4C(C3=C(S2)C)C4(C)C,-2.5415792439465807,Cc1cc(CCC(=O)c2sc(C)c3c2CC2C3C2(C)C)cc(C)c1OCCCNC(CC(=O)O)C(=O)O
CC(=NOCC1=CC(=C(C=C1)C2CCCCC2)C(F)(F)F)C3=NC=C(C=C3)CNCCC(=O)O,-3.4149733479708178,CC(=NOCc1ccc(C2CCCCC2)c(C(F)(F)F)c1)c1ccc(CNCCC(=O)O)cn1
C1C(CN1CC2=CC(=C(C=C2)C3=CN4C=CC(=CC4=N3)CC5=CC=CC=C5)F)C(=O)O,-3.7846172926328747,O=C(O)C1CN(Cc2ccc(-c3cn4ccc(Cc5ccccc5)cc4n3)c(F)c2)C1
CCC1=CC(=CC(=C1OCC(CNC(=O)CO)O)C)C2=NOC(=N2)C3=CC(=NC(=C3)N4CCCC4)C,-2.4871383754771865,CCc1cc(-c2noc(-c3cc(C)nc(N4CCCC4)c3)n2)cc(C)c1OCC(O)CNC(=O)CO
CC(CN1CCC2=C(C1)N=C(O2)C3=CC(=C(C=C3)OCC4=CC=C(C=C4)C(F)(F)F)F)C(=O)O,-3.6020599913279625,CC(CN1CCc2oc(-c3ccc(OCc4ccc(C(F)(F)F)cc4)c(F)c3)nc2C1)C(=O)O
CN1C=C(C(=O)C2=C1C=CN=C2)C(=O)NC3=NC(=C(C=C3)C4=CC=CC=C4)C(F)(F)F,-3.397940008672037,Cn1cc(C(=O)Nc2ccc(-c3ccccc3)c(C(F)(F)F)n2)c(=O)c2cnccc21
CCC1=CC(=CC(=C1OCC(CNC(=O)CO)O)C)C2=NOC(=N2)C3=NC(=CC(=C3)C4CCCC4)C,-2.41161970596323,CCc1cc(-c2noc(-c3cc(C4CCCC4)cc(C)n3)n2)cc(C)c1OCC(O)CNC(=O)CO
CC1=C(C=CC(=C1)CCC(=O)O)C2=NOC(=N2)C3=CC(=C(C=C3)OC(C(F)(F)F)C(F)(F)F)C#N,-2.531478917042255,Cc1cc(CCC(=O)O)ccc1-c1noc(-c2ccc(OC(C(F)(F)F)C(F)(F)F)c(C#N)c2)n1
CC1=CC(=CC(=C1OCC(CNC(=O)CO)O)C)C2=NOC(=N2)C3=C4CC5C(C4=C(S3)C)C5(C)C,-1.5622928644564746,Cc1cc(-c2noc(-c3sc(C)c4c3CC3C4C3(C)C)n2)cc(C)c1OCC(O)CNC(=O)CO
CCC1=C(C=CC(=C1)C(=NOCC2=CC(=C(C=C2)C3CCCCC3)C(F)(F)F)C)CNCCC(=O)O,-3.857332496431269,CCc1cc(C(C)=NOCc2ccc(C3CCCCC3)c(C(F)(F)F)c2)ccc1CNCCC(=O)O
CCCCCCCCC1=CC=C(C=C1)C2=CN=C(N2)C(COP(=S)(O)O)N,-2.8388490907372548,CCCCCCCCc1ccc(-c2cnc(C(N)COP(O)(O)=S)[nH]2)cc1
CCCCCN1C=C(N=N1)C2=CC=C(C=C2)CCC(CO)(COP(=O)(O)O)N,-3.2889196056617265,CCCCCn1cc(-c2ccc(CCC(N)(CO)COP(=O)(O)O)cc2)nn1
CCOC1=C(C=C(C=C1)C2=NC(=NO2)C3=C4CCC(C4=CC=C3)NCCO)OCC,-3.6334684555795866,CCOc1ccc(-c2nc(-c3cccc4c3CCC4NCCO)no2)cc1OCC
C1C(CN1CC2=CC(=C(C=C2)C3=NC4=C(S3)C=CC(=C4)CC5=CC(=C(C=C5)F)F)F)C(=O)O,-2.9854264740830017,O=C(O)C1CN(Cc2ccc(-c3nc4cc(Cc5ccc(F)c(F)c5)ccc4s3)c(F)c2)C1
CC1(N(CCS1)C(=O)C2=CC3=C(C=C2)N=C(S3)C4=C(C=C(C=C4)CN5CC(C5)C(=O)O)F)C,-3.428134794028789,CC1(C)SCCN1C(=O)c1ccc2nc(-c3ccc(CN4CC(C(=O)O)C4)cc3F)sc2c1
C1CN(CCN1C2=NN=C(S2)C3=CC(=C(C=C3Cl)OCC(CO)N)F)C(=O)C4=CC(=CC=C4)Cl,-2.57978359661681,NC(CO)COc1cc(Cl)c(-c2nnc(N3CCN(C(=O)c4cccc(Cl)c4)CC3)s2)cc1F
CCC1=CC(=CC(=C1OCC(CNC(=O)CO)O)C)C2=NOC(=N2)C3=CC(=NC(=C3)CN(C)CC(C)C)C,-2.7481880270062,CCc1cc(-c2noc(-c3cc(C)nc(CN(C)CC(C)C)c3)n2)cc(C)c1OCC(O)CNC(=O)CO
C1CN(CCC1C2=CC3=C(C=C2)OC(=N3)C4=CC(=C(C=C4)C5=CC=CC=C5)C(F)(F)F)CC(=O)O,-3.299999496116984,O=C(O)CN1CCC(c2ccc3oc(-c4ccc(-c5ccccc5)c(C(F)(F)F)c4)nc3c2)CC1
CC(C)CCN(C1=NN=C(S1)C2=CC=C(C=C2)CN3CC(C3)C(=O)O)C(=O)C4=CC=CC=C4F,-1.9030899869919435,CC(C)CCN(C(=O)c1ccccc1F)c1nnc(-c2ccc(CN3CC(C(=O)O)C3)cc2)s1
CCCCCCCCC1=CC=C(C=C1)NC(=O)C(COP(=O)(O)O)N,-2.6532125137753435,CCCCCCCCc1ccc(NC(=O)C(N)COP(=O)(O)O)cc1
CCC1=CC(=CC(=C1OCC(CNC(=O)CO)O)C)C2=NOC(=N2)C3=NC(=CC(=C3)OC)C4CCCC4,-2.903089986991944,CCc1cc(-c2noc(-c3cc(OC)cc(C4CCCC4)n3)n2)cc(C)c1OCC(O)CNC(=O)CO
CC1=CC(=CC(=C1OCC(CNC(=O)CO)O)C)CCC(=O)C2=C3CCC(CC3=C(S2)C)(C)C,-2.593286067020457,Cc1cc(CCC(=O)c2sc(C)c3c2CCC(C)(C)C3)cc(C)c1OCC(O)CNC(=O)CO
C1CC1(C2=CC=CC=C2)C3=NC4=C(C=C3)N=C(S4)C5=C(C=C(C=C5)NC(=O)C(CC(=O)O)N)F,-2.921166050637739,NC(CC(=O)O)C(=O)Nc1ccc(-c2nc3ccc(C4(c5ccccc5)CC4)nc3s2)c(F)c1
CC(COP(=O)(O)O)(C(=O)NC1=CC=C(C=C1)OCCCCC2CCCCC2)N,-1.625312450961674,CC(N)(COP(=O)(O)O)C(=O)Nc1ccc(OCCCCC2CCCCC2)cc1
CCC1=CC(=CC(=C1OCC(CNC(=O)CO)O)C)C2=NOC(=N2)C3=CC(=C(N=C3)C(CC)CC)C,-3.4199557484897585,CCc1cc(-c2noc(-c3cnc(C(CC)CC)c(C)c3)n2)cc(C)c1OCC(O)CNC(=O)CO
CCCCCCCCC1=CC=C(C=C1)NC(=O)C(CCP(=O)(O)O)N,-2.431363764158988,CCCCCCCCc1ccc(NC(=O)C(N)CCP(=O)(O)O)cc1
C1=CC=C(C=C1)C2=C(C=C(C=C2)C3=NC4=C(O3)C=CC(=C4)CCCNCC(=O)O)C(F)(F)F,-2.4000023459279562,O=C(O)CNCCCc1ccc2oc(-c3ccc(-c4ccccc4)c(C(F)(F)F)c3)nc2c1
CCCCCCCCCCCCCC=CC(C(COP(=O)(O)O)N)O,-0.3010299956639812,CCCCCCCCCCCCCC=CC(O)C(N)COP(=O)(O)O
CC(COP(=O)(O)O)(C1=NC=C(N1)C2=CC=C(C=C2)OCCC3=CC=C(C=C3)C4=CC=CC=C4)N,-1.7387805584843692,CC(N)(COP(=O)(O)O)c1ncc(-c2ccc(OCCc3ccc(-c4ccccc4)cc3)cc2)[nH]1
CC(C)CC1=C(C(=NO1)C2=NC(=NO2)C3=CC=C(C=C3)CN4CC(C4)C(=O)O)C(F)(F)F,-3.792391689498254,CC(C)Cc1onc(-c2nc(-c3ccc(CN4CC(C(=O)O)C4)cc3)no2)c1C(F)(F)F
CCC1=CC(=CC(=C1OCC(CNC(=O)CO)O)C)C2=NOC(=N2)C3=CC(=NC=C3)C(C)C,-3.5954962218255733,CCc1cc(-c2noc(-c3ccnc(C(C)C)c3)n2)cc(C)c1OCC(O)CNC(=O)CO
C1CC1(C2=CC=CC=C2)C3=CC4=C(C=C3)N=C(S4)C5=C(C=C(C=C5)CN6CC(C6)C(=O)O)F,-3.669316880566112,O=C(O)C1CN(Cc2ccc(-c3nc4ccc(C5(c6ccccc6)CC5)cc4s3)c(F)c2)C1
C1=CC(=CC=C1CCC(CO)(COP(=O)(O)O)N)C2=CN(N=N2)C3=CC=C(C=C3)Cl,-3.3003780648707024,NC(CO)(CCc1ccc(-c2cn(-c3ccc(Cl)cc3)nn2)cc1)COP(=O)(O)O
C1CCC(C1)C(=O)N2CCN(CC2)C3=NOC(=N3)C4=CC(=C(C=C4Cl)OCC(COP(=O)(O)O)N)F,-2.9731278535996988,NC(COc1cc(Cl)c(-c2nc(N3CCN(C(=O)C4CCCC4)CC3)no2)cc1F)COP(=O)(O)O
CCCCCCCCOC1=CC=C(C=C1)NC(=O)C(C)(COP(=O)(O)O)N,-1.2121876044039581,CCCCCCCCOc1ccc(NC(=O)C(C)(N)COP(=O)(O)O)cc1
CC1=C(CCC2=C1C=CC(=C2)OCCCC3=CC(=CC=C3)F)CN4CC(C4)C(=O)O,-3.591064607026498,CC1=C(CN2CC(C(=O)O)C2)CCc2cc(OCCCc3cccc(F)c3)ccc21
CCCCN(C)CC1=C(C=CC(=C1)C2=NC(=NO2)C3=CC(=C(C(=C3)CC)OCC(CNC(=O)CO)O)C)C,-3.462397997898956,CCCCN(C)Cc1cc(-c2nc(-c3cc(C)c(OCC(O)CNC(=O)CO)c(CC)c3)no2)ccc1C
CCCCCCCCCCCCCCONC(=O)C(COP(=O)(O)O)N.C(=O)(C(F)(F)F)O,-2.77952434332479,CCCCCCCCCCCCCCONC(=O)C(N)COP(=O)(O)O.O=C(O)C(F)(F)F
CC(C)C1=CC=C(C=C1)CCCCC2=CC=C(C=C2)CCC(CO)(COP(=O)(O)O)N,-2.2648178230095364,CC(C)c1ccc(CCCCc2ccc(CCC(N)(CO)COP(=O)(O)O)cc2)cc1
CC1=C(C=CC(=C1)S(=O)(=O)NCCCC(=O)O)NC(=O)C2=CC(=NC=N2)N(CC3CC3)C4CCCCC4,-3.1172712956557644,Cc1cc(S(=O)(=O)NCCCC(=O)O)ccc1NC(=O)c1cc(N(CC2CC2)C2CCCCC2)ncn1
CCC1=C(SC(=C1)CN2CC(C2)C(=O)O)C3=NOC(=N3)C4=CC(=C(C=C4)OC5=CC=CC=C5)C,-3.7781512503836434,CCc1cc(CN2CC(C(=O)O)C2)sc1-c1noc(-c2ccc(Oc3ccccc3)c(C)c2)n1
CC1=CC(=NN1C2=NC(=C3C4=C(CCCC4)SC3=N2)NCCO)C,-3.8254261177678233,Cc1cc(C)n(-c2nc(NCCO)c3c4c(sc3n2)CCCC4)n1
CC(=NOCC1=CC(=C(C=C1)C2CCCCC2)C(F)(F)F)C3=CC(=C(C=C3)CNCCC(=O)O)Br,-3.0413926851582254,CC(=NOCc1ccc(C2CCCCC2)c(C(F)(F)F)c1)c1ccc(CNCCC(=O)O)c(Br)c1
C1CCC(CC1)(CCC2=NC(=NO2)C3=CC(=NC=C3)N)C4=CC=CC=C4,-2.633468455579586,Nc1cc(-c2noc(CCC3(c4ccccc4)CCCCC3)n2)ccn1
CCC1=CC=CC=C1OC2=CC=C(C=C2)C3=NC(=NO3)C4=C(C=C(S4)CN5CC(C5)C(=O)O)CC,-4.0,CCc1ccccc1Oc1ccc(-c2nc(-c3sc(CN4CC(C(=O)O)C4)cc3CC)no2)cc1
CCCSC1=NC(=C2CCCCC2=C1C#N)N3CCOCC3,-3.637489729512512,CCCSc1nc(N2CCOCC2)c2c(c1C#N)CCCC2
CCC1=CC(=CC(=C1OCC(C)CO)C)C2=NOC(=N2)C3=C4CCC(CC4=C(S3)CC)(C)C,-1.1760912590556811,CCc1cc(-c2noc(-c3sc(CC)c4c3CCC(C)(C)C4)n2)cc(C)c1OCC(C)CO
CC1=CC(=CC(=C1OCC(CN2CC(C2)C(=O)O)O)C)CCC(=O)C3=C4CCC(CC4=C(S3)C)(C)C,-3.2442771208018435,Cc1cc(CCC(=O)c2sc(C)c3c2CCC(C)(C)C3)cc(C)c1OCC(O)CN1CC(C(=O)O)C1
C1C(CN1CC2=CC=C(C=C2)C3=NOC(=N3)C4=NOC(=C4C5=CC=CC=C5)C6=CC=CC=C6)C(=O)O,-2.113943352306837,O=C(O)C1CN(Cc2ccc(-c3noc(-c4noc(-c5ccccc5)c4-c4ccccc4)n3)cc2)C1
C1CCN(CC1)C2=CC3=C(C=C2)OC(=C3)C4=CC=C(C=C4)CN5CC(C5)C(=O)O,-3.1583624920952498,O=C(O)C1CN(Cc2ccc(-c3cc4cc(N5CCCCC5)ccc4o3)cc2)C1
CCCCOC1=CC(=C(C=C1)C2=CC=C(C=C2)CCC(CO)(COP(=O)(O)O)N)F,-1.7075701760979365,CCCCOc1ccc(-c2ccc(CCC(N)(CO)COP(=O)(O)O)cc2)c(F)c1
CC1=CC(=CC(=C1OCC(CNC(=O)CO)O)C)C2=NOC(=N2)C3=C(C(=CS3)CC(C)C)C,-2.722633922533812,Cc1cc(-c2noc(-c3scc(CC(C)C)c3C)n2)cc(C)c1OCC(O)CNC(=O)CO
CCC1=CC(=CC(=C1OCC(CNC(=O)CO)O)C)C2=NOC(=N2)C3=CC(=NC(=C3)OC)C4CCC4,-1.3424226808222062,CCc1cc(-c2noc(-c3cc(OC)nc(C4CCC4)c3)n2)cc(C)c1OCC(O)CNC(=O)CO
CC(COP(=O)(O)O)(C(=O)NC1=CC=C(C=C1)OCCC2=CC=C(C=C2)C3=CC=CC=C3)N,-1.9224659452984132,CC(N)(COP(=O)(O)O)C(=O)Nc1ccc(OCCc2ccc(-c3ccccc3)cc2)cc1
CCC1=CC(=CC(=C1OCC(CNC(=O)CO)O)C)C2=NOC(=N2)C3=C(C(=C(S3)CN(C)CC(C)C)C)C,-3.361727836017593,CCc1cc(-c2noc(-c3sc(CN(C)CC(C)C)c(C)c3C)n2)cc(C)c1OCC(O)CNC(=O)CO
CC1=C(C=CC(=C1)S(=O)(=O)NCC(=O)O)NC(=O)C2=CC(=NC=N2)N(CC3CC3)C4CCCCC4,-2.413299764081252,Cc1cc(S(=O)(=O)NCC(=O)O)ccc1NC(=O)c1cc(N(CC2CC2)C2CCCCC2)ncn1
CC(CCC1=CC=C(C=C1)OCCCCCCCCNC2=CC=C(C3=NON=C23)[N+](=O)[O-])(COP(=O)(O)O)N,-1.2999429000227671,CC(N)(CCc1ccc(OCCCCCCCCNc2ccc([N+](=O)[O-])c3nonc23)cc1)COP(=O)(O)O
CC1=C(C=CC(=C1)S(=O)(=O)NC)NC(=O)C2=CC(=NC=N2)N(CC3CC3)C4CCCCC4,-3.392696953259666,CNS(=O)(=O)c1ccc(NC(=O)c2cc(N(CC3CC3)C3CCCCC3)ncn2)c(C)c1
C1CC(CN(C1)CCCC2=CC3=C(C=C2)OC(=N3)C4=CC(=C(C=C4)C5=CC=CC=C5)C(F)(F)F)C(=O)O,-3.299999496116984,O=C(O)C1CCCN(CCCc2ccc3oc(-c4ccc(-c5ccccc5)c(C(F)(F)F)c4)nc3c2)C1
CCC1=CC(=CC(=C1OCC(CNC(=O)CO)O)C)C2=NOC(=N2)C3=NC(=CC(=C3)C)OC4CCCC4,-2.9684829485539352,CCc1cc(-c2noc(-c3cc(C)cc(OC4CCCC4)n3)n2)cc(C)c1OCC(O)CNC(=O)CO
CCCCC1=CC=C(C=C1)OC2=CC(=C(C=C2)CCC(CO)(COP(=O)(O)O)N)F,-2.3096301674258988,CCCCc1ccc(Oc2ccc(CCC(N)(CO)COP(=O)(O)O)c(F)c2)cc1
CCC1=CC(=CC(=C1OCC(CNC(=O)CO)O)C)C2=NOC(=N2)C3=CC(=NC(=C3)N(CC)CC)C,-2.544068044350276,CCc1cc(-c2noc(-c3cc(C)nc(N(CC)CC)c3)n2)cc(C)c1OCC(O)CNC(=O)CO
CCC1=CC(=CC(=C1OCC(CNC(=O)CO)O)C)C2=NOC(=N2)C3=NC(=CC(=C3)C)CC(C)C,-2.096910013008056,CCc1cc(-c2noc(-c3cc(C)cc(CC(C)C)n3)n2)cc(C)c1OCC(O)CNC(=O)CO
CN1C=C(C(=O)C2=C1C(=CC=C2)CN)C(=O)NC3=CC(=C(C=C3)C4=CC=CC=C4)C(F)(F)F,-3.7481880270062,Cn1cc(C(=O)Nc2ccc(-c3ccccc3)c(C(F)(F)F)c2)c(=O)c2cccc(CN)c21
CCCCCCC1=CC2=C(C=C1)C(=CC=C2)CCC(CO)(COP(=O)(O)O)N,-3.0,CCCCCCc1ccc2c(CCC(N)(CO)COP(=O)(O)O)cccc2c1
C1CCC(CC1)C2=CC(=NO2)C(=O)N(C3CCCCC3)C4CCCCC4,-2.747411807886424,O=C(c1cc(C2CCCCC2)on1)N(C1CCCCC1)C1CCCCC1
C1CN(CC2=C1OC(=C2)C3=CC(=C(C=C3)OCC4=CC=CC=C4F)F)CCCC(=O)O,-2.6989700043360187,O=C(O)CCCN1CCc2oc(-c3ccc(OCc4ccccc4F)c(F)c3)cc2C1
C1C(CN1CC2=CC(=C(C=C2)C3=NC4=CN=C(C=C4S3)CC5=CC=CC=C5)F)C(=O)O,-3.737192642704737,O=C(O)C1CN(Cc2ccc(-c3nc4cnc(Cc5ccccc5)cc4s3)c(F)c2)C1
CC1CCCCC1N(C2CCOCC2)C(=O)C3=NOC(=C3)C4CC4,-3.4502491083193614,CC1CCCCC1N(C(=O)c1cc(C2CC2)on1)C1CCOCC1
CCCCCCCCOC1=CC=C(C=C1)C2=CN=C(N2)C(C)(COP(=O)(O)O)N,-1.1702617153949575,CCCCCCCCOc1ccc(-c2cnc(C(C)(N)COP(=O)(O)O)[nH]2)cc1
CC1=CC(=NO1)C(=O)N(C2CCCCC2)C3CCCCC3,-3.819214799882384,Cc1cc(C(=O)N(C2CCCCC2)C2CCCCC2)no1
CCCCCCCCCCCCCCCCNC(=O)C(COP(=O)(O)O)N,-2.9437911989293015,CCCCCCCCCCCCCCCCNC(=O)C(N)COP(=O)(O)O
CCC1=CC(=CC(=C1OCC(CNC(=O)CO)O)C)C2=NOC(=N2)C3=CC(=NC(=C3)CC)C4CCCCC4,-1.3979400086720375,CCc1cc(-c2nc(-c3cc(C)c(OCC(O)CNC(=O)CO)c(CC)c3)no2)cc(C2CCCCC2)n1
CC1=C(C=CC(=C1)CCC(=O)O)C2=NOC(=N2)C3=CC(=C(C=C3)OC(C)C)OC,-2.792391689498254,COc1cc(-c2nc(-c3ccc(CCC(=O)O)cc3C)no2)ccc1OC(C)C
CCC1=CC(=CC(=C1OCC(CNC(=O)CO)O)C)C2=NOC(=N2)C3=CC(=NC(=C3)CC)C4CCC4,-0.6989700043360189,CCc1cc(-c2nc(-c3cc(C)c(OCC(O)CNC(=O)CO)c(CC)c3)no2)cc(C2CCC2)n1
CC1=CC=CC(=C1)C2=NOC(=N2)CCC3(CCCCC3)C4=CC=CC=C4,-3.342422680822206,Cc1cccc(-c2noc(CCC3(c4ccccc4)CCCCC3)n2)c1
CC(=NOCC1=CC(=C(C=C1)C2CCCCC2)C(F)(F)F)C3=CC(=C(C=C3)CNCCC(=O)O)C4CC4,-3.113943352306837,CC(=NOCc1ccc(C2CCCCC2)c(C(F)(F)F)c1)c1ccc(CNCCC(=O)O)c(C2CC2)c1
CC1=NN(C2=C1C3C(C2)C3(C)C)C(=O)C=CC4=CC=NC=C4,-2.537819095073274,Cc1nn(C(=O)C=Cc2ccncc2)c2c1C1C(C2)C1(C)C
CCCCCCCCC1=CC=C(C=C1)C2=CN=C(N2)C(C)(COP(=O)(O)O)N.C(=O)(C(F)(F)F)O,-2.8920946026904804,CCCCCCCCc1ccc(-c2cnc(C(C)(N)COP(=O)(O)O)[nH]2)cc1.O=C(O)C(F)(F)F
CCCC1=C(ON=C1C2=NC(=NO2)C3=CC=C(C=C3)CN4CC(C4)C(=O)O)CC(C)C,-2.9294189257142933,CCCc1c(-c2nc(-c3ccc(CN4CC(C(=O)O)C4)cc3)no2)noc1CC(C)C
C1=CC=C(C=C1)SC2=CC(=C(C=C2)C3=CC=C(C=C3)CCC(CO)(COP(=O)(O)O)N)F,-0.6901960800285137,NC(CO)(CCc1ccc(-c2ccc(Sc3ccccc3)cc2F)cc1)COP(=O)(O)O
C1CCC(CC1)N(CC2CC2)C3=NC=NC(=C3)C(=O)NC4=CC=C(C=C4)S(=O)(=O)CCCC(=O)O,-1.9294189257142929,O=C(O)CCCS(=O)(=O)c1ccc(NC(=O)c2cc(N(CC3CC3)C3CCCCC3)ncn2)cc1
CCOC(=O)C1=CC2=C(C=C(C=C2)OC(=O)C3=CC=CO3)OC1=O,-3.8561244442423,CCOC(=O)c1cc2ccc(OC(=O)c3ccco3)cc2oc1=O
CCC1=CC(=CC(=C1OCC(CNC(=O)CO)O)C)C2=NOC(=N2)C3=CC(=C(C(=C3)C)CN(C)C)C,-3.740362689494244,CCc1cc(-c2noc(-c3cc(C)c(CN(C)C)c(C)c3)n2)cc(C)c1OCC(O)CNC(=O)CO
CCC1=CC(=CC(=C1OCC(CNC(=O)CO)O)C)C2=NOC(=N2)C3=CC(=NC(=C3)OC)C4CCCCC4,-2.8388490907372548,CCc1cc(-c2noc(-c3cc(OC)nc(C4CCCCC4)c3)n2)cc(C)c1OCC(O)CNC(=O)CO
CC(C)OC1=C(C=C(C=C1)C2=NC(=NO2)C3=CC4=C(CCN(CC4)CC(=O)O)C=C3)C#N,-3.2999711989918064,CC(C)Oc1ccc(-c2nc(-c3ccc4c(c3)CCN(CC(=O)O)CC4)no2)cc1C#N
C1C(CN1C2=CC3=C(C=C2)OC(=N3)C4=CC(=C(C=C4)C5=CC=CC=C5)C(F)(F)F)C(=O)O,-3.299999496116984,O=C(O)C1CN(c2ccc3oc(-c4ccc(-c5ccccc5)c(C(F)(F)F)c4)nc3c2)C1
CCC1=CC(=CC(=C1OCC(CNC(=O)CO)O)C)C2=NOC(=N2)C3=NC(=CC(=C3)C(CC)CC)OC,-2.255272505103306,CCc1cc(-c2noc(-c3cc(C(CC)CC)cc(OC)n3)n2)cc(C)c1OCC(O)CNC(=O)CO
CCC1=CC(=CC(=C1OCC(CNC(=O)CO)O)C)C2=NOC(=N2)C3=CC(=NC=C3)CCC(C)C,-3.4149733479708178,CCc1cc(-c2noc(-c3ccnc(CCC(C)C)c3)n2)cc(C)c1OCC(O)CNC(=O)CO
CCC1=C2CC(CCC2=C(S1)C(=O)CCC3=CC(=C(C(=C3)C)OCC(CO)O)C)(C)C,-2.1003705451175634,CCc1sc(C(=O)CCc2cc(C)c(OCC(O)CO)c(C)c2)c2c1CC(C)(C)CC2
CC1=C(C=CC(=C1)CCC(=O)O)C2=NOC(=N2)C3=NC=C(C=C3)C(C(C)C)(F)F,-2.672097857935717,Cc1cc(CCC(=O)O)ccc1-c1noc(-c2ccc(C(F)(F)C(C)C)cn2)n1
C1C(CN1CC2=C(C=C(C=C2)C3=CC4=C(O3)C=CC(=C4)CC5=CC=CC=C5)F)C(=O)O,-3.5352941200427703,O=C(O)C1CN(Cc2ccc(-c3cc4cc(Cc5ccccc5)ccc4o3)cc2F)C1
CC1=CC=C(C=C1)OC2=CC=C(C=C2)C3=CC=C(C=C3)CCC(CO)(COP(=O)(O)O)N,-1.919078092376074,Cc1ccc(Oc2ccc(-c3ccc(CCC(N)(CO)COP(=O)(O)O)cc3)cc2)cc1
CCC1=CC(=CC(=C1OCC(CNC(=O)CO)O)C)C2=NOC(=N2)C3=CC(=NC=C3)C4CCCC4,-2.8668778143374984,CCc1cc(-c2noc(-c3ccnc(C4CCCC4)c3)n2)cc(C)c1OCC(O)CNC(=O)CO
CCC1=CC(=CC(=C1OCC(CNC(=O)CO)O)C)C2=NOC(=N2)C3=CC(=CC(=C3)CN(C)C)C,-3.3010299956639813,CCc1cc(-c2noc(-c3cc(C)cc(CN(C)C)c3)n2)cc(C)c1OCC(O)CNC(=O)CO
CCCCCCCCC1=CC=C(C=C1)C2=CN=C(N2)C(C)(COP(=S)(O)O)N,-3.204119982655925,CCCCCCCCc1ccc(-c2cnc(C(C)(N)COP(O)(O)=S)[nH]2)cc1
CC(COP(=O)(O)O)(C(=O)NC1=CC=C(C=C1)OCCCCCC2=CC=CC=C2)N,-1.801403710017355,CC(N)(COP(=O)(O)O)C(=O)Nc1ccc(OCCCCCc2ccccc2)cc1
CC1=C2C3C(C3(C)C)CC2=C(S1)C(=O)CCC4=C(C=C(C=C4)OCCO)Cl,-3.716003343634799,Cc1sc(C(=O)CCc2ccc(OCCO)cc2Cl)c2c1C1C(C2)C1(C)C
CCC1=CC(=CC(=C1OCC(CNC(=O)CO)O)C)C2=NOC(=N2)C3=CC(=NC=C3)C(CC)CC,-3.127104798364808,CCc1cc(-c2noc(-c3ccnc(C(CC)CC)c3)n2)cc(C)c1OCC(O)CNC(=O)CO
C1C(CN1CC2=CC(=CS2)C3=NOC(=N3)C4=CC=C(C=C4)OC5=CC=CC=C5)C(=O)O,-3.662757831681574,O=C(O)C1CN(Cc2cc(-c3noc(-c4ccc(Oc5ccccc5)cc4)n3)cs2)C1
CCCC1=CC(=CC(=N1)C)C2=NC(=NO2)C3=CC(=C(C(=C3)CC)OCC(CNC(=O)CO)O)C,-2.4913616938342726,CCCc1cc(-c2nc(-c3cc(C)c(OCC(O)CNC(=O)CO)c(CC)c3)no2)cc(C)n1
CN(C)N=C1N(C(=O)C(=CC2=CC(=C(C=C2)O)Cl)S1)C3=CC=CC=C3,-2.146128035678238,CN(C)N=C1SC(=Cc2ccc(O)c(Cl)c2)C(=O)N1c1ccccc1
CC(C)OC1=C(C=C(C=C1)C2=NC(=NO2)C3=C4CCNC(C4=CC=C3)CC(=O)O)Cl,-3.7000054299748713,CC(C)Oc1ccc(-c2nc(-c3cccc4c3CCNC4CC(=O)O)no2)cc1Cl
CCC1=CC(=CC(=C1OCC(CNC(=O)CO)O)C)C2=NOC(=N2)C3=NC(=CC(=C3)OC4CCCC4)C,-3.146128035678238,CCc1cc(-c2noc(-c3cc(OC4CCCC4)cc(C)n3)n2)cc(C)c1OCC(O)CNC(=O)CO
CCOC1=C(C=C(C=C1)C2=NC(=NO2)C3=CC4=C(C=C3)OC(=C4)C(CO)(CO)N)OCC,-2.57978359661681,CCOc1ccc(-c2nc(-c3ccc4oc(C(N)(CO)CO)cc4c3)no2)cc1OCC
CC1=CC(=CC(=C1OCC(CNCCC(=O)O)O)C)CCC(=O)C2=C3CCC(CC3=C(S2)C)(C)C,-2.755112266395072,Cc1cc(CCC(=O)c2sc(C)c3c2CCC(C)(C)C3)cc(C)c1OCC(O)CNCCC(=O)O
CCC1=CC(=CC(=C1OCC(CNC(=O)CO)O)C)C2=NOC(=N2)C3=CC(=C(N=C3)OC4CCCC4)C,-2.146128035678238,CCc1cc(-c2noc(-c3cnc(OC4CCCC4)c(C)c3)n2)cc(C)c1OCC(O)CNC(=O)CO
C1CN(CCC1C(=O)O)CCCC2=CC3=C(C=C2)OC(=N3)C4=CC(=C(C=C4)C5=CC=CC=C5)C(F)(F)F,-2.7000023971422538,O=C(O)C1CCN(CCCc2ccc3oc(-c4ccc(-c5ccccc5)c(C(F)(F)F)c4)nc3c2)CC1
C1C(CN1CC2=CC(=C(C=C2)C3=NC4=C(S3)N=CC(=C4)CC5=CC=CC=C5)F)C(=O)O,-3.460897842756548,O=C(O)C1CN(Cc2ccc(-c3nc4cc(Cc5ccccc5)cnc4s3)c(F)c2)C1
C1CC1(C2=CC=CC=C2)C3=NC4=C(C=C3)N=C(S4)C5=C(C=C(C=C5)NC(=O)C(CC(=O)O)N)F,-3.05307844348342,NC(CC(=O)O)C(=O)Nc1ccc(-c2nc3ccc(C4(c5ccccc5)CC4)nc3s2)c(F)c1
CCC1=CC=C(C=C1)CCC2=CC=C(C=C2)CCC(CO)(COP(=O)(O)O)N,-2.113943352306837,CCc1ccc(CCc2ccc(CCC(N)(CO)COP(=O)(O)O)cc2)cc1
CC1=C(C=CC(=C1)C(C)CC(=O)O)C2=NOC(=N2)C3=CC(=C(C=C3)OC(C)C)C(F)(F)F,-2.2648178230095364,Cc1cc(C(C)CC(=O)O)ccc1-c1noc(-c2ccc(OC(C)C)c(C(F)(F)F)c2)n1
CC1=CC(=CC(=C1OCC(CNC(=O)CO)O)C)C2=NOC(=N2)C3=C(C(=C(S3)C)CC(C)C)C,-1.869231719730976,Cc1cc(-c2noc(-c3sc(C)c(CC(C)C)c3C)n2)cc(C)c1OCC(O)CNC(=O)CO
C1CC1C2=NC(=CO2)C3=CC=C(C=C3)OC4=CC=C(C=C4)CCC(CO)(COP(=O)(O)O)N,-3.05307844348342,NC(CO)(CCc1ccc(Oc2ccc(-c3coc(C4CC4)n3)cc2)cc1)COP(=O)(O)O
CN1C=C(C(=O)C2=CC=CC=C21)C(=O)NC3=NC(=C(C=C3)C4=CC=CC=C4)C(F)(F)F,-3.397940008672037,Cn1cc(C(=O)Nc2ccc(-c3ccccc3)c(C(F)(F)F)n2)c(=O)c2ccccc21
C1CCC(CC1)(CCC2=NC(=NO2)C3=CC=CC=C3)C4=CC=CC=C4,-2.7993405494535817,c1ccc(-c2noc(CCC3(c4ccccc4)CCCCC3)n2)cc1
C1CN(CCN1CC(=O)O)C2=CC3=C(C=C2)OC(=N3)C4=CC(=C(C=C4)C5=CC=CC=C5)C(F)(F)F,-3.299999496116984,O=C(O)CN1CCN(c2ccc3oc(-c4ccc(-c5ccccc5)c(C(F)(F)F)c4)nc3c2)CC1
CC1CCCCC1N(C2CCCCC2C)C(=O)C3=NOC(=C3)C4CC4,-2.305351369446624,CC1CCCCC1N(C(=O)c1cc(C2CC2)on1)C1CCCCC1C
CC1=C(CCC2=C1C=CC(=C2)OCCCC3=CC=C(C=C3)F)CN4CC(C4)C(=O)O.Cl,-3.505149978319906,CC1=C(CN2CC(C(=O)O)C2)CCc2cc(OCCCc3ccc(F)cc3)ccc21.Cl
CCCCCCCCCCC1=CC=C(C=C1)NC(=O)C(COP(=O)(O)O)N,-1.9493900066449128,CCCCCCCCCCc1ccc(NC(=O)C(N)COP(=O)(O)O)cc1
CC1=C(C=CC(=C1)CN2CC(C2)C(=O)O)NC(=O)C3=CC(=NC=N3)N(CC4CC4)C5CCCCC5,-2.3729120029701067,Cc1cc(CN2CC(C(=O)O)C2)ccc1NC(=O)c1cc(N(CC2CC2)C2CCCCC2)ncn1
CC1=C(C=CC(=C1)CCC(=O)O)C2=NOC(=N2)C3=CC(=C(C=C3)OC(C)C)C#N,-3.0413926851582254,Cc1cc(CCC(=O)O)ccc1-c1noc(-c2ccc(OC(C)C)c(C#N)c2)n1
CCCCCCCOC1=CC=C(C=C1)CCC(C)(CCC(=O)O)N,-3.4913616938342726,CCCCCCCOc1ccc(CCC(C)(N)CCC(=O)O)cc1
C1CCC(CC1)(CCC2=NC(=NO2)C3=CN=CC=C3)C4=CC=CC=C4,-3.342422680822206,c1ccc(C2(CCc3nc(-c4cccnc4)no3)CCCCC2)cc1
CCCCCCCCC1=CC=C(C=C1)C2=CN=C(N2)C(COP(=S)(O)O)N.C(=O)(C(F)(F)F)O,-2.8388490907372548,CCCCCCCCc1ccc(-c2cnc(C(N)COP(O)(O)=S)[nH]2)cc1.O=C(O)C(F)(F)F
CCCC1=CC=C(S1)C2=NC(=NO2)C3=CC(=C(C(=C3)C)OCC(CNC(=O)CO)O)C,-3.060697840353612,CCCc1ccc(-c2nc(-c3cc(C)c(OCC(O)CNC(=O)CO)c(C)c3)no2)s1
C1=CC(=CC=C1CCC(CO)(COP(=O)(O)O)N)C2=CN(N=N2)C3=CC=C(C=C3)C#N,-3.1430148002540954,N#Cc1ccc(-n2cc(-c3ccc(CCC(N)(CO)COP(=O)(O)O)cc3)nn2)cc1
C1CCC(CC1)NC2=NC=NC(=C2)C(=O)NC3=CC=NC4=CC=CC=C43,-3.7185016888672737,O=C(Nc1ccnc2ccccc12)c1cc(NC2CCCCC2)ncn1
CC1=C(C(=CC(=C1)CCC(=O)C2=C3CC4C(C3=C(S2)C)C4(C)C)Cl)OCCO,-3.1303337684950066,Cc1cc(CCC(=O)c2sc(C)c3c2CC2C3C2(C)C)cc(Cl)c1OCCO
C1CC(CN(C1)CC2=CC3=C(C=C2)C4=NOC(=C4CC3)C5=NOC(=C5C(F)(F)F)C6=CC=CC=C6)C(=O)O,-3.66838591669,O=C(O)C1CCCN(Cc2ccc3c(c2)CCc2c-3noc2-c2noc(-c3ccccc3)c2C(F)(F)F)C1
CCOC1=C(C=C(C=C1)C2=NC(=NO2)C3=C4CCC(C4=CC=C3)O)OCC,-3.722140125457416,CCOc1ccc(-c2nc(-c3cccc4c3CCC4O)no2)cc1OCC
CCC1=CC(=CC(=C1OCC(CNC(=O)CO)O)C)C2=NOC(=N2)C3=CN=C(C=C3)C(C)C,-3.462397997898956,CCc1cc(-c2noc(-c3ccc(C(C)C)nc3)n2)cc(C)c1OCC(O)CNC(=O)CO
CC1=NC(=CO1)C2=CC=C(C=C2)OC3=CC=C(C=C3)CCC(CO)(COP(=O)(O)O)N,-3.104828403653656,Cc1nc(-c2ccc(Oc3ccc(CCC(N)(CO)COP(=O)(O)O)cc3)cc2)co1
CCC1=CC(=CC(=C1OCC(CNC(=O)CO)O)C)C2=NOC(=N2)C3=CC(=NC(=C3)CC)C,-3.1852587652965854,CCc1cc(-c2nc(-c3cc(C)c(OCC(O)CNC(=O)CO)c(CC)c3)no2)cc(C)n1
CCCC1=C2CC(CCC2=C(S1)C3=NC(=NO3)C4=CC(=C(C(=C4)CC)OCC(CNC(=O)CO)O)C)(C)C,-1.041392685158225,CCCc1sc(-c2nc(-c3cc(C)c(OCC(O)CNC(=O)CO)c(CC)c3)no2)c2c1CC(C)(C)CC2
CC(=NOCC1=CC(=C(C=C1)C2CCCC2)C(F)(F)F)C3=CC=C(C=C3)CNCCC(=O)O,-3.2041199826559246,CC(=NOCc1ccc(C2CCCC2)c(C(F)(F)F)c1)c1ccc(CNCCC(=O)O)cc1
CCC1=CC(=CC(=C1OCC(CNC(=O)CO)O)C)C2=NOC(=N2)C3=C4CCC5(CCCC5)CC4=C(S3)CC,-1.041392685158225,CCc1cc(-c2noc(-c3sc(CC)c4c3CCC3(CCCC3)C4)n2)cc(C)c1OCC(O)CNC(=O)CO
CCCCCCCOC1=CC=C(C=C1)CCC(C)(CCC2=NNN=N2)N,-3.8061799739838866,CCCCCCCOc1ccc(CCC(C)(N)CCc2nn[nH]n2)cc1
CC(C)OC1=C(C=C(C=C1)C2=NC(=NO2)C3=C4CCNCCC4=CC=C3)C#N,-3.899992217175054,CC(C)Oc1ccc(-c2nc(-c3cccc4c3CCNCC4)no2)cc1C#N
CC1=CC(=CC(=C1OCC(CO)O)C)CCC(=O)C2=C3CC4C(C3=C(S2)C)C4(C)C,-2.6893088591236203,Cc1cc(CCC(=O)c2sc(C)c3c2CC2C3C2(C)C)cc(C)c1OCC(O)CO
CCCCN(C1=NN=C(S1)C2=CC(=CC=C2)S(=O)(=O)NCCC(=O)O)C(=O)C3=CC=C(C=C3)C(F)(F)F,-3.40000061697638,CCCCN(C(=O)c1ccc(C(F)(F)F)cc1)c1nnc(-c2cccc(S(=O)(=O)NCCC(=O)O)c2)s1
CC1=C(C=CC(=C1)CCC(=O)O)C2=NOC(=N2)C3=CC(=C(C=C3)OC(C)C)Cl,-3.0863598306747484,Cc1cc(CCC(=O)O)ccc1-c1noc(-c2ccc(OC(C)C)c(Cl)c2)n1
C1CCC(CC1)(CCC2=NC(=NO2)C3=C(N=CC=C3)N)C4=CC=CC=C4,-2.740362689494244,Nc1ncccc1-c1noc(CCC2(c3ccccc3)CCCCC2)n1
CCC1=CC(=CC(=C1)C2=NC(=NO2)C3=CC(=C(C(=C3)CC)OCC(CNC(=O)CO)O)C)CN(C)CC(C)C,-0.9030899869919436,CCc1cc(CN(C)CC(C)C)cc(-c2nc(-c3cc(C)c(OCC(O)CNC(=O)CO)c(CC)c3)no2)c1
C1CCC(CC1)N(CC2CC2)C3=NC=NC(=C3)C(=O)NC4=CC=C(C=C4)CNCCC(=O)O,-3.0390173219974117,O=C(O)CCNCc1ccc(NC(=O)c2cc(N(CC3CC3)C3CCCCC3)ncn2)cc1
C1CC1(C2=CC=CC=C2)C3=NC4=C(C=C3)N=C(S4)C5=C(C=C(C=C5)NC(=O)CCC(=O)O)F,-3.7450747915820575,O=C(O)CCC(=O)Nc1ccc(-c2nc3ccc(C4(c5ccccc5)CC4)nc3s2)c(F)c1
CCC1=CC(=CC(=C1OCC(CNC(=O)CO)O)C)CCC(=O)C2=C3CCC(CC3=C(S2)C)(C)C,-3.6452257115354163,CCc1cc(CCC(=O)c2sc(C)c3c2CCC(C)(C)C3)cc(C)c1OCC(O)CNC(=O)CO
CCC1=CC(=CC(=C1OCC(CNC(=O)CO)O)C)C2=NOC(=N2)C3=CN=C(C=C3)CC(C)C,-3.2329961103921536,CCc1cc(-c2noc(-c3ccc(CC(C)C)nc3)n2)cc(C)c1OCC(O)CNC(=O)CO
C1=CC(=CC=C1CCC(CO)(COP(=O)(O)O)N)C2=COC(=N2)C3=CC=C(C=C3)C#N,-3.473194909204938,N#Cc1ccc(-c2nc(-c3ccc(CCC(N)(CO)COP(=O)(O)O)cc3)co2)cc1
CC(COP(=O)(O)O)(C(=O)NC1=CC=C(C=C1)OCCCC2=CC=C(C=C2)C3=CC=CC=C3)N,-0.13987908640123647,CC(N)(COP(=O)(O)O)C(=O)Nc1ccc(OCCCc2ccc(-c3ccccc3)cc2)cc1
C1CC1C2=CC(=NO2)C(=O)N(CC3=CC=CC=C3)C4=CC=CC=C4,-3.845098040014257,O=C(c1cc(C2CC2)on1)N(Cc1ccccc1)c1ccccc1
CCC1=CC(=CC(=C1OCC(CNC(=O)CO)O)C)C2=NOC(=N2)C3=NC(=C(C=C3)C4CCCC4)OC,-2.9637878273455556,CCc1cc(-c2noc(-c3ccc(C4CCCC4)c(OC)n3)n2)cc(C)c1OCC(O)CNC(=O)CO
CC1=CC(=CC(=C1OCC(CNC(=O)CO)O)C)CCC(=O)C2=C3CC4C(C3=C(S2)C)C4(C)C,-2.6369891018122287,Cc1cc(CCC(=O)c2sc(C)c3c2CC2C3C2(C)C)cc(C)c1OCC(O)CNC(=O)CO
C1C(CN1CC2=CC=C(C=C2)C3=NOC(=N3)C4=C(C(=NO4)C5=CC=CC=C5)C(F)(F)F)C(=O)O,-3.2041199826559246,O=C(O)C1CN(Cc2ccc(-c3noc(-c4onc(-c5ccccc5)c4C(F)(F)F)n3)cc2)C1
CCCCCCCCCCCCNC(=O)C(COP(=O)(O)O)N,-2.9270622434930003,CCCCCCCCCCCCNC(=O)C(N)COP(=O)(O)O
CC(CCC1=CC=C(C=C1)OCCCCCCCCCCCNC2=CC=C(C3=NON=C23)[N+](=O)[O-])(COP(=O)(O)O)N,-1.4999618655961902,CC(N)(CCc1ccc(OCCCCCCCCCCCNc2ccc([N+](=O)[O-])c3nonc23)cc1)COP(=O)(O)O
CC1=C(C=CC(=C1)CCCC(=O)O)C2=NOC(=N2)C3=CC=C(C=C3)C4CCCCC4,-3.0413926851582254,Cc1cc(CCCC(=O)O)ccc1-c1noc(-c2ccc(C3CCCCC3)cc2)n1
CC(C)CC1=C(C=C(C=C1)C2=C3CCC4=C(C3=NO2)C=CC(=C4)CN5CC(C5)C(=O)O)C(F)(F)F,-3.544068044350276,CC(C)Cc1ccc(-c2onc3c2CCc2cc(CN4CC(C(=O)O)C4)ccc2-3)cc1C(F)(F)F
C1=CC(=CC=C1CCC(CO)(COP(=O)(O)O)N)C2=COC(=N2)C3=CC=C(C=C3)F,-2.3891660843645326,NC(CO)(CCc1ccc(-c2coc(-c3ccc(F)cc3)n2)cc1)COP(=O)(O)O
CCCCCCCCCCCCCCONC(=O)C(COP(=O)(O)O)N,-2.77952434332479,CCCCCCCCCCCCCCONC(=O)C(N)COP(=O)(O)O
CCCCC1=NC=CC(=C1)C2=NC(=NO2)C3=CC(=C(C(=C3)CC)OCC(CNC(=O)CO)O)C,-2.845098040014257,CCCCc1cc(-c2nc(-c3cc(C)c(OCC(O)CNC(=O)CO)c(CC)c3)no2)ccn1
CC(=NOCC1=CC(=C(C=C1)C2CCCCC2)C(F)(F)F)C3=CC=C(O3)CNCCC(=O)O,-3.397940008672037,CC(=NOCc1ccc(C2CCCCC2)c(C(F)(F)F)c1)c1ccc(CNCCC(=O)O)o1
CCCCCCCCC1=CC=C(C=C1)CCC(CO)(CO)N,-0.4771212547196624,CCCCCCCCc1ccc(CCC(N)(CO)CO)cc1
CC1=CC(=CC(=C1OCCN(C)C)C)CCC(=O)C2=C3CC4C(C3=C(S2)C)C4(C)C,-3.453318340047037,Cc1cc(CCC(=O)c2sc(C)c3c2CC2C3C2(C)C)cc(C)c1OCCN(C)C
C1CCC(CC1)N(C2CCCCC2)C(=O)C3=NOC(=C3)C4CCCC4,-2.530199698203082,O=C(c1cc(C2CCCC2)on1)N(C1CCCCC1)C1CCCCC1
CCCCCCCCC1=CC2=C(CC(CC2)C(CO)(COP(=O)(O)O)N)C=C1,-1.2730012720637376,CCCCCCCCc1ccc2c(c1)CCC(C(N)(CO)COP(=O)(O)O)C2
C1CN(CCC1C2=CC3=C(C=C2)OC(=N3)C4=CC(=C(C=C4)C5=CC=CC=C5)C(F)(F)F)CCC(=O)O,-3.0,O=C(O)CCN1CCC(c2ccc3oc(-c4ccc(-c5ccccc5)c(C(F)(F)F)c4)nc3c2)CC1
CN1C2=CC=CC=C2C(=O)C(=N1)C(=O)NC3=CC(=C(C=C3)C4=CC=CC=C4)C(F)(F)F,-3.397940008672037,Cn1nc(C(=O)Nc2ccc(-c3ccccc3)c(C(F)(F)F)c2)c(=O)c2ccccc21
CCC1=CC(=CC(=C1OCC(CNC(=O)CO)O)C)CCC(=O)C2=C3CCC(CC3=C(S2)CC)(C)C,-2.1492191126553797,CCc1cc(CCC(=O)c2sc(CC)c3c2CCC(C)(C)C3)cc(C)c1OCC(O)CNC(=O)CO
CC1=CC(=CC(=C1OCCN)C)CCC(=O)C2=C3CCC(CC3=C(S2)C)(C)C,-3.9323722821479135,Cc1cc(CCC(=O)c2sc(C)c3c2CCC(C)(C)C3)cc(C)c1OCCN
CCCCCCCCC1=CC=C(C=C1)C2=CN=C(N2)C(CO)(COP(=S)(O)O)N,-2.8976270912904414,CCCCCCCCc1ccc(-c2cnc(C(N)(CO)COP(O)(O)=S)[nH]2)cc1
C1=CC=C(C=C1)CCCOC2=CC=C(C=C2)C=CCNCCC(=O)O,-3.5185139398778875,O=C(O)CCNCC=Cc1ccc(OCCCc2ccccc2)cc1
CCC1=CC(=CC(=C1OCC(CNC(=O)CO)O)C)C2=NOC(=N2)C3=CC(=C(N=C3)CC(C)C)CC,-1.462397997898956,CCc1cc(-c2nc(-c3cc(C)c(OCC(O)CNC(=O)CO)c(CC)c3)no2)cnc1CC(C)C
CCC1=CC=C(C=C1)N2C=C(N=N2)C3=CC=C(C=C3)CCC(CO)(COP(=O)(O)O)N,-3.281033367247728,CCc1ccc(-n2cc(-c3ccc(CCC(N)(CO)COP(=O)(O)O)cc3)nn2)cc1
CCCC1=CC(=CC(=C1)C2=NC(=NO2)C3=CC(=C(C(=C3)CC)OCC(CNC(=O)CO)O)C)CN(C)CC(C)C,-0.5440680443502757,CCCc1cc(CN(C)CC(C)C)cc(-c2nc(-c3cc(C)c(OCC(O)CNC(=O)CO)c(CC)c3)no2)c1
CCCCCCCCOC1=C(C=C(C=C1)NC(=O)C(C)(COP(=O)(O)O)N)F,-1.0043213737826426,CCCCCCCCOc1ccc(NC(=O)C(C)(N)COP(=O)(O)O)cc1F
CCCCCCCCC1=CC2=C(CC(CC2)C(C)(COP(=O)(O)O)N)C=C1,-2.9647780220223767,CCCCCCCCc1ccc2c(c1)CCC(C(C)(N)COP(=O)(O)O)C2
C1C(CN1CC2=CC=C(S2)C3=NOC(=N3)C4=CC=C(C=C4)OC5=CC=CC=C5)C(=O)O,-2.9542425094393248,O=C(O)C1CN(Cc2ccc(-c3noc(-c4ccc(Oc5ccccc5)cc4)n3)s2)C1
CCC1=CC(=CC(=C1OCC(CNC(=O)CO)O)C)C2=NOC(=N2)C3=CC(=CC(=C3)CNCC(C)C)C,-3.322219294733919,CCc1cc(-c2noc(-c3cc(C)cc(CNCC(C)C)c3)n2)cc(C)c1OCC(O)CNC(=O)CO
CC1=C(C=CC(=C1)C2CC2C(=O)O)C3=NOC(=N3)C4=CC(=C(C=C4)OC(C)C)C#N,-3.4199557484897585,Cc1cc(C2CC2C(=O)O)ccc1-c1noc(-c2ccc(OC(C)C)c(C#N)c2)n1
CCCCCCCCCCCCCCNC(=O)C(COP(=O)(O)O)N.C(=O)(C(F)(F)F)O,-2.9357087478426633,CCCCCCCCCCCCCCNC(=O)C(N)COP(=O)(O)O.O=C(O)C(F)(F)F
C1=CC=C(C=C1)CCCCCOC2=CC=C(C=C2)CCCNCCC(=O)O,-3.6232492903979,O=C(O)CCNCCCc1ccc(OCCCCCc2ccccc2)cc1
C1CN(CC2=C1OC(=N2)C3=CC(=C(C=C3)OCC4=CC=C(C=C4)C(F)(F)F)F)CCCC(=O)O,-2.6989700043360187,O=C(O)CCCN1CCc2oc(-c3ccc(OCc4ccc(C(F)(F)F)cc4)c(F)c3)nc2C1
CC(CN1CCC2=C(C1)C=C(O2)C3=CC=C(C=C3)OCC4=CC=C(C=C4)Cl)C(=O)O,-2.8976270912904414,CC(CN1CCc2oc(-c3ccc(OCc4ccc(Cl)cc4)cc3)cc2C1)C(=O)O
C1CCC(CC1)(CCC2=NC(=NO2)C3=CC(=NC=C3)Cl)C4=CC=CC=C4,-2.633468455579586,Clc1cc(-c2noc(CCC3(c4ccccc4)CCCCC3)n2)ccn1
CC(=NOCC1=CC(=C(C=C1)C2CCCCC2)C(F)(F)F)C3=CC(=C(C=C3)CNCCC(=O)O)F,-3.342422680822206,CC(=NOCc1ccc(C2CCCCC2)c(C(F)(F)F)c1)c1ccc(CNCCC(=O)O)c(F)c1
CCCC1=CC=C(C=C1)C2=NC(=CO2)C3=CC=C(C=C3)CCC(CO)(COP(=O)(O)O)N,-2.9263424466256547,CCCc1ccc(-c2nc(-c3ccc(CCC(N)(CO)COP(=O)(O)O)cc3)co2)cc1
C1=CC(=CC=C1CCC(CO)(COP(=O)(O)O)N)C2=COC(=N2)C3=CC=C(C=C3)Cl,-2.755112266395072,NC(CO)(CCc1ccc(-c2coc(-c3ccc(Cl)cc3)n2)cc1)COP(=O)(O)O
CCC1=CC(=CC(=C1OCC(CNC(=O)CO)O)C)C2=NOC(=N2)C3=NC(=CC(=C3)C4CCCC4)OC,-3.1760912590556813,CCc1cc(-c2noc(-c3cc(C4CCCC4)cc(OC)n3)n2)cc(C)c1OCC(O)CNC(=O)CO
CC(C)OC1=C(C=C(C=C1)C2=NC(=NO2)C3=CC4=C(CCN(CC4)CCCC(=O)O)C=C3)C#N,-3.899992217175054,CC(C)Oc1ccc(-c2nc(-c3ccc4c(c3)CCN(CCCC(=O)O)CC4)no2)cc1C#N
CCCC1=C(ON=C1C2=CC=CC=N2)C3=NC(=NO3)C4=CC=C(C=C4)CN5CC(C5)C(=O)O,-2.7993405494535817,CCCc1c(-c2ccccn2)noc1-c1nc(-c2ccc(CN3CC(C(=O)O)C3)cc2)no1
C1C(CN1CC2=CC(=C(C=C2)C3=NC4=C(S3)C=CC(=C4)CC5=CC=CC=C5F)F)C(=O)O,-3.5403294747908736,O=C(O)C1CN(Cc2ccc(-c3nc4cc(Cc5ccccc5F)ccc4s3)c(F)c2)C1
COC(=O)CCNCC1=CC=C(C=C1)NC(=O)C2=CC(=NC=N2)N(CC3CC3)C4CCCCC4,-2.8904210188009136,COC(=O)CCNCc1ccc(NC(=O)c2cc(N(CC3CC3)C3CCCCC3)ncn2)cc1
CCCN(C1CCCCC1)C2=NC=NC(=C2)C(=O)NC3=C(C=C(C=C3)S(=O)(=O)N)C,-3.2988530764097064,CCCN(c1cc(C(=O)Nc2ccc(S(N)(=O)=O)cc2C)ncn1)C1CCCCC1
CC(C)C1N(CCS1)C(=O)C2=CC3=C(C=C2)N=C(S3)C4=C(C=C(C=C4)CN5CC(C5)C(=O)O)F,-2.9542425094393248,CC(C)C1SCCN1C(=O)c1ccc2nc(-c3ccc(CN4CC(C(=O)O)C4)cc3F)sc2c1
CCC1=CC(=CC(=C1OCC(CNC(=O)CO)O)C)C2=NOC(=N2)C3=CC(=NC(=C3)OC4CCCC4)CC,-1.6989700043360187,CCc1cc(-c2nc(-c3cc(C)c(OCC(O)CNC(=O)CO)c(CC)c3)no2)cc(OC2CCCC2)n1
CCC1=CC(=CC(=C1OCC(CNC(=O)CO)O)C)C2=NOC(=N2)C3=C4CCC(CC4=C(S3)OC)(C)C,-1.919078092376074,CCc1cc(-c2noc(-c3sc(OC)c4c3CCC(C)(C)C4)n2)cc(C)c1OCC(O)CNC(=O)CO
CCCC1=C(ON=C1C2=NC(=NO2)C3=CC=C(C=C3)CN4CC(C4)C(=O)O)C5=CC=CC=C5,-3.113943352306837,CCCc1c(-c2nc(-c3ccc(CN4CC(C(=O)O)C4)cc3)no2)noc1-c1ccccc1
CCCCCCCCOC1=CC(=C(C=C1)NC(=O)C(C)(COP(=O)(O)O)N)F,-0.9912260756924948,CCCCCCCCOc1ccc(NC(=O)C(C)(N)COP(=O)(O)O)c(F)c1
CCC1=CC(=CC(=C1OCC(CNC(=O)CO)O)C)C2=NOC(=N2)C3=CC(=C(N=C3)C(C)C)C,-2.632457292184724,CCc1cc(-c2noc(-c3cnc(C(C)C)c(C)c3)n2)cc(C)c1OCC(O)CNC(=O)CO
CC1CCCCC1N(C2CCCCCC2)C(=O)C3=NOC(=C3)C4CC4,-2.7283537820212285,CC1CCCCC1N(C(=O)c1cc(C2CC2)on1)C1CCCCCC1
CCCCCCCCC1=CC=C(C=C1)C2=CN=C(N2)C(CO)N,-3.431363764158988,CCCCCCCCc1ccc(-c2cnc(C(N)CO)[nH]2)cc1
CC1=CC(=CC(=C1OCC(CNCCO)O)C)CCC(=O)C2=C3CC4C(C3=C(S2)C)C4(C)C,-3.873320601815399,Cc1cc(CCC(=O)c2sc(C)c3c2CC2C3C2(C)C)cc(C)c1OCC(O)CNCCO
CCC1=CC(=CC(=C1OCC(CNC(=O)CO)O)C)C2=NOC(=N2)C3=CC(=C(C=C3)CN(C)C)CC,-2.6812412373755867,CCc1cc(-c2nc(-c3cc(C)c(OCC(O)CNC(=O)CO)c(CC)c3)no2)ccc1CN(C)C
CC1=C(C=CC(=N1)CCC(=O)O)C2=NOC(=N2)C3=CC(=C(C=C3)OC(C)C)C#N,-3.4409090820652177,Cc1nc(CCC(=O)O)ccc1-c1noc(-c2ccc(OC(C)C)c(C#N)c2)n1
CC1=C(C=CC(=C1)S(=O)(=O)NCCOC)NC(=O)C2=CC(=NC=N2)N(CC3CC3)C4CCCCC4,-3.5185139398778875,COCCNS(=O)(=O)c1ccc(NC(=O)c2cc(N(CC3CC3)C3CCCCC3)ncn2)c(C)c1
CC1=CC(=CC(=C1OCCCN)C)CCC(=O)C2=C3CC4C(C3=C(S2)C)C4(C)C,-3.6232492903979,Cc1cc(CCC(=O)c2sc(C)c3c2CC2C3C2(C)C)cc(C)c1OCCCN
CC1=C(C=CC(=C1)S(=O)(=O)NCCC(=O)O)NC(=O)C2=CC(=NC=N2)N(CC3CC3)C4CCCCC4,-1.7923916894982541,Cc1cc(S(=O)(=O)NCCC(=O)O)ccc1NC(=O)c1cc(N(CC2CC2)C2CCCCC2)ncn1
CC(C1=C(ON=C1C2=NC(=NO2)C3=CC=C(C=C3)CN4CC(C4)C(=O)O)C5=CC=CC=C5)(F)F,-3.2787536009528284,CC(F)(F)c1c(-c2nc(-c3ccc(CN4CC(C(=O)O)C4)cc3)no2)noc1-c1ccccc1
CN1C=C(C(=O)C2=C1C=CN=C2)C(=O)NC3=CC(=C(C=C3)C4=CC=CC=C4)C(F)(F)F,-3.397940008672037,Cn1cc(C(=O)Nc2ccc(-c3ccccc3)c(C(F)(F)F)c2)c(=O)c2cnccc21
CC1=C(CCC2=C1C=CC(=C2)OCCCC3=CC(=CC=C3)F)CN4CC(C4)C(=O)O.Cl,-3.591064607026498,CC1=C(CN2CC(C(=O)O)C2)CCc2cc(OCCCc3cccc(F)c3)ccc21.Cl
CCCCC1=CC=C(C=C1)CCC2=CC=C(C=C2)CCC(CO)(COP(=O)(O)O)N,-2.82865989653532,CCCCc1ccc(CCc2ccc(CCC(N)(CO)COP(=O)(O)O)cc2)cc1
CC(C)OC1=C(C=C(C=C1)C2=NC(=NO2)C3=C4CN(CC4=CC=C3)CCC(=O)O)Cl,-3.899992217175054,CC(C)Oc1ccc(-c2nc(-c3cccc4c3CN(CCC(=O)O)C4)no2)cc1Cl
C1CN(CC2=C1OC(=C2)C3=CC=C(C=C3)OCC4=CC=CC=C4F)CCCC(=O)O,-3.6989700043360174,O=C(O)CCCN1CCc2oc(-c3ccc(OCc4ccccc4F)cc3)cc2C1
CCC1=C(C=CC=C1CN2CC(C2)C(=O)O)C3=NSC(=N3)C4=CC(=C(C=C4)OC(C)C)C(F)(F)F,-3.40000061697638,CCc1c(CN2CC(C(=O)O)C2)cccc1-c1nsc(-c2ccc(OC(C)C)c(C(F)(F)F)c2)n1
C1CC1(C2=CC=CC=C2)C3=NC4=C(C=C3)N=C(S4)C5=C(C=C(C=C5)CN6CC(C6)C(=O)O)F,-2.9484129657786013,O=C(O)C1CN(Cc2ccc(-c3nc4ccc(C5(c6ccccc6)CC5)nc4s3)c(F)c2)C1
CCC1=CC(=CC(=C1OCC(CNC(=O)CO)O)C)C2=NOC(=N2)C3=CC(=C(S3)CN(C)CCO)C,-3.230448921378274,CCc1cc(-c2noc(-c3cc(C)c(CN(C)CCO)s3)n2)cc(C)c1OCC(O)CNC(=O)CO
CCC1=CC(=CC(=C1OCC(CNC(=O)CO)O)C)CCC(=O)C2=C3CCC(CC3=C(S2)C(F)(F)F)(C)C,-2.383815365980431,CCc1cc(CCC(=O)c2sc(C(F)(F)F)c3c2CCC(C)(C)C3)cc(C)c1OCC(O)CNC(=O)CO
CC(COP(=O)(O)O)(C1=NC=C(N1)C2=CC=C(C=C2)OCC3=CC=C(C=C3)C4=CC=CC=C4)N,-1.7387805584843692,CC(N)(COP(=O)(O)O)c1ncc(-c2ccc(OCc3ccc(-c4ccccc4)cc3)cc2)[nH]1
CCC1=CC(=CC(=C1OCC(CNC(=O)CO)O)C)C2=NOC(=N2)C3=CC(=CC(=C3)CN(C)CC(C)C)C,-2.0,CCc1cc(-c2noc(-c3cc(C)cc(CN(C)CC(C)C)c3)n2)cc(C)c1OCC(O)CNC(=O)CO
CC1=C2C3C(C3(C)C)CC2=C(S1)C(=O)CCC4=CC(=C(C=C4)OCCO)Cl,-3.6655809910179533,Cc1sc(C(=O)CCc2ccc(OCCO)c(Cl)c2)c2c1C1C(C2)C1(C)C
C1CC2=C(ON=C2C3=C1C=C(C=C3)C(C(=O)NC4(CC4)C#N)O)C5=NOC(=C5C(F)(F)F)C6=CC=CC=C6,-3.9294189257142933,N#CC1(NC(=O)C(O)c2ccc3c(c2)CCc2c-3noc2-c2noc(-c3ccccc3)c2C(F)(F)F)CC1
CN1C=C(C(=O)C2=CC=CC=C21)C(=O)NC3=CC(=C(C=C3)C4=CN=CC=C4)C(F)(F)F,-3.397940008672037,Cn1cc(C(=O)Nc2ccc(-c3cccnc3)c(C(F)(F)F)c2)c(=O)c2ccccc21
CCCCN(C1=NN=C(S1)C2=C(C=C(C=C2)CN3CC(C3)C(=O)O)C)C(=O)C4=CC=CC=C4Cl,-2.977723605288848,CCCCN(C(=O)c1ccccc1Cl)c1nnc(-c2ccc(CN3CC(C(=O)O)C3)cc2C)s1
CC1=CC=C(C=C1)CCCC(=O)C2=CC=C(C=C2)COCC(C)(COP(=O)(O)O)N,-2.3010299956639813,Cc1ccc(CCCC(=O)c2ccc(COCC(C)(N)COP(=O)(O)O)cc2)cc1
CC1=C(C=CC(=C1)C2=NC(=NO2)C3=CSC(=C3)CN4CC(C4)C(=O)O)OC5=CC=CC=C5,-3.4771212547196626,Cc1cc(-c2nc(-c3csc(CN4CC(C(=O)O)C4)c3)no2)ccc1Oc1ccccc1
CCC1=CC(=CC(=C1OCC(CNC(=O)CO)O)C)C2=NOC(=N2)C3=CC(=NC(=C3)C(CC)CC)CC,-0.5563025007672873,CCc1cc(-c2nc(-c3cc(C)c(OCC(O)CNC(=O)CO)c(CC)c3)no2)cc(C(CC)CC)n1
CC(C1=CC=CC=C1)C2=NC3=C(C=C2)N=C(S3)C4=C(C=C(C=C4)CN5CC(C5)C(=O)O)F,-2.9982593384236984,CC(c1ccccc1)c1ccc2nc(-c3ccc(CN4CC(C(=O)O)C4)cc3F)sc2n1
CC(C)CN(C1CCCC1)C2=NC=NC(=C2)C(=O)NC3=CC4=C(C=C3)NN=C4,-2.8234742291703014,CC(C)CN(c1cc(C(=O)Nc2ccc3[nH]ncc3c2)ncn1)C1CCCC1
CCCCCCCOC1=CC=C(C=C1)CCC(C)(CCP(=O)(O)O)N,-2.1789769472931693,CCCCCCCOc1ccc(CCC(C)(N)CCP(=O)(O)O)cc1
CCCCCCCCC1=CC2=C(CC(CC2)C(C)(COP(=O)(O)O)N)C=C1,-1.6889801274644518,CCCCCCCCc1ccc2c(c1)CCC(C(C)(N)COP(=O)(O)O)C2
CC1=C(CCC2=C1C=CC(=C2)OCCCC3=CC=CC=C3)CN4CC(C4)C(=O)O.Cl,-3.6989700043360174,CC1=C(CN2CC(C(=O)O)C2)CCc2cc(OCCCc3ccccc3)ccc21.Cl
CCC1=CC(=CC(=C1OCC(CNC(=O)CO)O)C)C2=NOC(=N2)C3=CC(=NC(=C3)NCC)C,-2.938519725176492,CCNc1cc(-c2nc(-c3cc(C)c(OCC(O)CNC(=O)CO)c(CC)c3)no2)cc(C)n1
CC1=C2C3C(C3(C)C)CC2=C(S1)C(=O)CCC4=CC(=C(C(=C4)Cl)OCCO)Cl,-3.6283889300503125,Cc1sc(C(=O)CCc2cc(Cl)c(OCCO)c(Cl)c2)c2c1C1C(C2)C1(C)C
CCC1=CC(=CC(=C1OCC(CNC(=O)CO)O)C)C2=NOC(=N2)C3=CC(=NC(=C3)OC4CCCC4)C,-2.2787536009528293,CCc1cc(-c2noc(-c3cc(C)nc(OC4CCCC4)c3)n2)cc(C)c1OCC(O)CNC(=O)CO
CC(COP(=O)(O)O)(C1=NC=C(N1)C2=CC=C(C=C2)OCCCCC3=CC=CC=C3)N,-2.0681858617461617,CC(N)(COP(=O)(O)O)c1ncc(-c2ccc(OCCCCc3ccccc3)cc2)[nH]1
C1CN(CCC1CC(=O)O)C2=CC3=C(C=C2)OC(=N3)C4=CC(=C(C=C4)C5=CC=CC=C5)C(F)(F)F,-3.1000015828013523,O=C(O)CC1CCN(c2ccc3oc(-c4ccc(-c5ccccc5)c(C(F)(F)F)c4)nc3c2)CC1
CCCCN(C1=NN=C(S1)C2=CC=C(C=C2)CN3CC(C3)C(=O)O)C(=O)C4=CC=CC=C4Cl,-2.4771212547196626,CCCCN(C(=O)c1ccccc1Cl)c1nnc(-c2ccc(CN3CC(C(=O)O)C3)cc2)s1
CCCC1=C(ON=C1C2=NC(=NO2)C3=CC=C(C=C3)CN4CC(C4)C(=O)O)C5=CC=CC=N5,-3.322219294733919,CCCc1c(-c2nc(-c3ccc(CN4CC(C(=O)O)C4)cc3)no2)noc1-c1ccccn1
CCCCCCCOC1=CC=C(C=C1)CCC(C)(CCN2CC(=O)NS2(=O)=O)N,-3.3802112417116064,CCCCCCCOc1ccc(CCC(C)(N)CCN2CC(=O)NS2(=O)=O)cc1
COC1=CC=C(C=C1)C2=NC(=CO2)C3=CC=C(C=C3)CCC(CO)(COP(=O)(O)O)N,-3.046495164334708,COc1ccc(-c2nc(-c3ccc(CCC(N)(CO)COP(=O)(O)O)cc3)co2)cc1
CCCCN(C)CC1=CC(=CC(=C1)C)C2=NC(=NO2)C3=CC(=C(C(=C3)CC)OCC(CNC(=O)CO)O)C,-2.628388930050312,CCCCN(C)Cc1cc(C)cc(-c2nc(-c3cc(C)c(OCC(O)CNC(=O)CO)c(CC)c3)no2)c1
CCCCN(C)CC1=C(C=C(S1)C2=NC(=NO2)C3=CC(=C(C(=C3)CC)OCC(CNC(=O)CO)O)C)C,-2.0791812460476247,CCCCN(C)Cc1sc(-c2nc(-c3cc(C)c(OCC(O)CNC(=O)CO)c(CC)c3)no2)cc1C
C1CCC(C1)C2=C(C=C(C=C2)COC3=CC4=C(C=C3)NC5=C4CCNC5CC(=O)O)C(F)(F)F,-4.0,O=C(O)CC1NCCc2c1[nH]c1ccc(OCc3ccc(C4CCCC4)c(C(F)(F)F)c3)cc21
CC1=CC=C(C=C1)CCCC(=O)C2=CC(=C(C=C2)COCC(C)(COP(=O)(O)O)N)F,-1.7781512503836436,Cc1ccc(CCCC(=O)c2ccc(COCC(C)(N)COP(=O)(O)O)c(F)c2)cc1
CCCCCCCCCCC1=CC=C(C=C1)NC(=O)C(CCP(=O)(O)O)N,-1.6334684555795866,CCCCCCCCCCc1ccc(NC(=O)C(N)CCP(=O)(O)O)cc1
CC(C)OC1=C(C=C(C=C1)C2=NC(=NO2)C3=C4CN(CC4=CC=C3)CCCC(=O)O)Cl,-3.2999711989918064,CC(C)Oc1ccc(-c2nc(-c3cccc4c3CN(CCCC(=O)O)C4)no2)cc1Cl
CCCCN(C1=NN=C(S1)C2=CC=C(C=C2)CNCC(=O)O)C(=O)C3=CC=CC=C3F,-3.6580113966571126,CCCCN(C(=O)c1ccccc1F)c1nnc(-c2ccc(CNCC(=O)O)cc2)s1
CN1C=C(C(=O)C2=CC=CC=C21)C(=O)NC3=CC(=C(C=C3)C4=CC=CC=C4)C(F)(F)F,-3.1760912590556813,Cn1cc(C(=O)Nc2ccc(-c3ccccc3)c(C(F)(F)F)c2)c(=O)c2ccccc21
CCCCCCCCC=CCCCCCCCC(=O)NC(CC1=CC=C(C=C1)OCC2=CC=CC=C2)COP(=O)(O)O,-2.4999999999768754,CCCCCCCCC=CCCCCCCCC(=O)NC(COP(=O)(O)O)Cc1ccc(OCc2ccccc2)cc1
CC1=C(C=CC(=C1)CC(C)C(=O)O)C2=NOC(=N2)C3=CC(=C(C=C3)OC(C)C)C(F)(F)F,-2.6020599913279625,Cc1cc(CC(C)C(=O)O)ccc1-c1noc(-c2ccc(OC(C)C)c(C(F)(F)F)c2)n1
CC(=NOCC1=CC(=C(C=C1)C2CCCCC2)C(F)(F)F)C3=CC(=C(C=C3)CNCCC(=O)O)Cl,-3.2787536009528284,CC(=NOCc1ccc(C2CCCCC2)c(C(F)(F)F)c1)c1ccc(CNCCC(=O)O)c(Cl)c1
CCOC1=C(C=C(C=C1)C2=NC(=NO2)C3=CC4=C(CN(C4)CC(CO)(CO)N)C=C3)OCC,-1.5910646070264989,CCOc1ccc(-c2nc(-c3ccc4c(c3)CN(CC(N)(CO)CO)C4)no2)cc1OCC
C1CCC(CC1)N(C2CCCCC2)C(=O)CSC3=NN=C(O3)C4=CC=CO4,-2.041392685158225,O=C(CSc1nnc(-c2ccco2)o1)N(C1CCCCC1)C1CCCCC1
CCCCOC1=CC(=C(C=C1)C2=CC=C(C=C2)CCC(CO)(COP(=O)(O)O)N)F.F,-1.7075701760979365,CCCCOc1ccc(-c2ccc(CCC(N)(CO)COP(=O)(O)O)cc2)c(F)c1.F
C1C(CN1CCCC2=CC3=C(C=C2)OC(=N3)C4=CC(=C(C=C4)C5=CC=CC=C5)C(F)(F)F)C(=O)O,-2.099991233544684,O=C(O)C1CN(CCCc2ccc3oc(-c4ccc(-c5ccccc5)c(C(F)(F)F)c4)nc3c2)C1
C1CCCC(CC1)N(C2CCCC2)C(=O)C3=NOC(=C3)C4CC4,-3.4398062113933303,O=C(c1cc(C2CC2)on1)N(C1CCCCCC1)C1CCCC1
C1=CC=C(C=C1)CCCCCOC2=CC=C(C=C2)C=CCNCCC(=O)O,-3.8260748027008256,O=C(O)CCNCC=Cc1ccc(OCCCCCc2ccccc2)cc1
C1=CC(=CC=C1CCC(CO)(COP(=O)(O)O)N)OC2=CC=C(C=C2)CC3=CC=C(C=C3)Cl,-3.2332500095411003,NC(CO)(CCc1ccc(Oc2ccc(Cc3ccc(Cl)cc3)cc2)cc1)COP(=O)(O)O
CCCCCCCCC1=CC=C(C=C1)C2=CN=C(N2)C(CO)(COP(=S)(O)O)N.Cl,-2.8976270912904414,CCCCCCCCc1ccc(-c2cnc(C(N)(CO)COP(O)(O)=S)[nH]2)cc1.Cl
COC1=CC=C(C=C1)N2C=C(N=N2)C3=CC=C(C=C3)CCC(CO)(COP(=O)(O)O)N,-3.4782778319196046,COc1ccc(-n2cc(-c3ccc(CCC(N)(CO)COP(=O)(O)O)cc3)nn2)cc1
CC(COP(=O)(O)O)(C(=O)NC1=CC=C(C=C1)OCCCCC2=CC=C(C=C2)C3=CC=CC=C3)N,-1.4593924877592308,CC(N)(COP(=O)(O)O)C(=O)Nc1ccc(OCCCCc2ccc(-c3ccccc3)cc2)cc1
CCC1=CC(=CC(=C1OCC(CNC(=O)CO)O)C)C2=NOC(=N2)C3=CC(=C(C=C3)CN4CCCC4)CC,-3.633468455579586,CCc1cc(-c2nc(-c3cc(C)c(OCC(O)CNC(=O)CO)c(CC)c3)no2)ccc1CN1CCCC1
CCC1=CC(=CC(=C1OCC(CNC(=O)CO)O)C)C2=NOC(=N2)C3=NC(=CC(=C3)OC)C(CC)CC,-2.716003343634799,CCc1cc(-c2noc(-c3cc(OC)cc(C(CC)CC)n3)n2)cc(C)c1OCC(O)CNC(=O)CO
CCCCN(C1=NN=C(S1)C2=CC=C(C=C2)CN3CC(C3)C(=O)O)C(=O)C4=CC=CC=C4F,-2.4771212547196626,CCCCN(C(=O)c1ccccc1F)c1nnc(-c2ccc(CN3CC(C(=O)O)C3)cc2)s1
CCOC1=C(C=C(C=C1)C2=NC(=NO2)C3=C(C=C(C=C3)CCC(=O)O)C)C(F)(F)F,-2.6627578316815743,CCOc1ccc(-c2nc(-c3ccc(CCC(=O)O)cc3C)no2)cc1C(F)(F)F
C1=CC=C(C=C1)C2=CC=C(C=C2)OC3=CC=C(C=C3)CCC(CO)(COP(=O)(O)O)N,-2.583198773968623,NC(CO)(CCc1ccc(Oc2ccc(-c3ccccc3)cc2)cc1)COP(=O)(O)O
CC1=CC=C(C=C1)CC2=CC=C(C=C2)OC3=CC=C(C=C3)CCC(CO)(COP(=O)(O)O)N,-2.3521825181113627,Cc1ccc(Cc2ccc(Oc3ccc(CCC(N)(CO)COP(=O)(O)O)cc3)cc2)cc1
C1CCC(CC1)N(C2CCCCC2)C(=O)C3=NOC(=C3)C4=CC=CC=C4,-2.012837224705172,O=C(c1cc(-c2ccccc2)on1)N(C1CCCCC1)C1CCCCC1
C1C(CN1CC2=CC=C(C=C2)C3=NOC(=N3)C4=NOC(=C4)C5=CC=CC=C5)C(=O)O,-3.7993405494535817,O=C(O)C1CN(Cc2ccc(-c3noc(-c4cc(-c5ccccc5)on4)n3)cc2)C1
C1C(CN1CCC2=CC3=C(C=C2)OC(=N3)C4=CC(=C(C=C4)C5=CC=CC=C5)C(F)(F)F)C(=O)O,-2.900000965153469,O=C(O)C1CN(CCc2ccc3oc(-c4ccc(-c5ccccc5)c(C(F)(F)F)c4)nc3c2)C1
C1=CC=C(C=C1)CC2=CC=C(C=C2)OC3=CC=C(C=C3)CCC(CO)(COP(=O)(O)O)N,-2.5921767573958667,NC(CO)(CCc1ccc(Oc2ccc(Cc3ccccc3)cc2)cc1)COP(=O)(O)O
C1=CC(=CC=C1CCC(CO)(COP(=O)(O)O)N)C2=COC(=N2)CC3=CC=C(C=C3)C(F)(F)F,-3.143327129992046,NC(CO)(CCc1ccc(-c2coc(Cc3ccc(C(F)(F)F)cc3)n2)cc1)COP(=O)(O)O
CCCCCCCCCCCCCCCCNC(=O)C(COP(=O)(O)O)N.C(=O)(C(F)(F)F)O,-2.9437911989293015,CCCCCCCCCCCCCCCCNC(=O)C(N)COP(=O)(O)O.O=C(O)C(F)(F)F
CC(CN1CCC2=C(C1)N=C(O2)C3=CC=C(C=C3)OCC4=CC=C(C=C4)Cl)C(=O)O,-3.6989700043360174,CC(CN1CCc2oc(-c3ccc(OCc4ccc(Cl)cc4)cc3)nc2C1)C(=O)O
C1C(CN1CC2=CC(=C(C=C2)C3=NC4=C(S3)C=C(C=C4)CC5=CC=CC=C5)F)C(=O)O,-3.5403294747908736,O=C(O)C1CN(Cc2ccc(-c3nc4ccc(Cc5ccccc5)cc4s3)c(F)c2)C1
C1CC1(C2=CC=CC=C2)C3=NC4=C(C=C3)N=C(S4)C5=C(C=C(C=C5)CCNCC(=O)O)F,-3.1583624920952498,O=C(O)CNCCc1ccc(-c2nc3ccc(C4(c5ccccc5)CC4)nc3s2)c(F)c1
C1CC1(C2=CC=CC=C2)C3=NC4=C(C=C3)N=C(S4)C5=C(C=C(C=C5)CNCC(=O)O)F,-3.1931245983544616,O=C(O)CNCc1ccc(-c2nc3ccc(C4(c5ccccc5)CC4)nc3s2)c(F)c1
CCC1=CC(=CC(=C1OCC(CNC(=O)CO)O)C)C2=NOC(=N2)C3=CC(=NC(=C3)C(CC)CC)C,-1.662757831681574,CCc1cc(-c2noc(-c3cc(C)nc(C(CC)CC)c3)n2)cc(C)c1OCC(O)CNC(=O)CO
CC1=C(CCC2=C1C=CC(=C2)OCCCC3=CC=CC=C3F)CN4CC(C4)C(=O)O.Cl,-3.462397997898956,CC1=C(CN2CC(C(=O)O)C2)CCc2cc(OCCCc3ccccc3F)ccc21.Cl
CCCC1=CC(=NO1)C(=O)N(C2CCCCC2)C3CCCC3,-3.9022749204745018,CCCc1cc(C(=O)N(C2CCCCC2)C2CCCC2)no1
CC(C)(C(=O)N1CCN(CC1)C2=NOC(=N2)C3=CC(=C(C=C3Cl)OCC(CO)N)F)C(F)(F)F,-3.6720978579357175,CC(C)(C(=O)N1CCN(c2noc(-c3cc(F)c(OCC(N)CO)cc3Cl)n2)CC1)C(F)(F)F
CN(C)N=C1N(C(=O)C(=CC2=CC(=C(C=C2)O)OC)S1)C3=CC=CC=C3,-3.0,COc1cc(C=C2SC(=NN(C)C)N(c3ccccc3)C2=O)ccc1O
CC1=C(C=CC(=C1)CCC(=O)O)C2=NOC(=N2)C3=CC(=C(N=C3)OC(C)C)Cl,-2.977723605288848,Cc1cc(CCC(=O)O)ccc1-c1noc(-c2cnc(OC(C)C)c(Cl)c2)n1
CC(=NOCC1=CC(=C(C=C1)C2=CC=CS2)C(F)(F)F)C3=CC=C(C=C3)CNCCC(=O)O,-3.770852011642144,CC(=NOCc1ccc(-c2cccs2)c(C(F)(F)F)c1)c1ccc(CNCCC(=O)O)cc1
CC1=CC(=CC(=C1OCCCO)C)CCC(=O)C2=C3CCC(CC3=C(S2)C)(C)C,-3.6483600109809315,Cc1cc(CCC(=O)c2sc(C)c3c2CCC(C)(C)C3)cc(C)c1OCCCO
CC1=CC=C(C=C1)N2C=C(N=N2)C3=CC=C(C=C3)CCC(CO)(COP(=O)(O)O)N,-3.1423894661188365,Cc1ccc(-n2cc(-c3ccc(CCC(N)(CO)COP(=O)(O)O)cc3)nn2)cc1
CCC1=CC(=CC(=C1OCC(CNC(=O)CO)O)C)C2=NOC(=N2)C3=CC(=C(S3)CN(C)CC)C,-2.1760912590556813,CCc1cc(-c2noc(-c3cc(C)c(CN(C)CC)s3)n2)cc(C)c1OCC(O)CNC(=O)CO
CC1=CC(=CC(=C1OCC(=O)N)C)CCC(=O)C2=C3CC4C(C3=C(S2)C)C4(C)C,-2.942008053022313,Cc1cc(CCC(=O)c2sc(C)c3c2CC2C3C2(C)C)cc(C)c1OCC(N)=O
C1CC2=C(ON=C2C3=C1C=C(C=C3)CN4CC(C4)C(=O)O)C5=NOC(=C5C(F)(F)F)C6=CC=CC=C6,-3.643452676486187,O=C(O)C1CN(Cc2ccc3c(c2)CCc2c-3noc2-c2noc(-c3ccccc3)c2C(F)(F)F)C1
CCC1=CC(=CC(=C1OCC(CNC(=O)CO)O)C)C2=NOC(=N2)C3=CC(=NC(=C3)C)C4CCC4,-1.380211241711606,CCc1cc(-c2noc(-c3cc(C)nc(C4CCC4)c3)n2)cc(C)c1OCC(O)CNC(=O)CO
C1COCCN1C2=NC(=C(N=N2)C3=CC=CC=C3)C4=CC=CC=C4,-3.8215135284047728,c1ccc(-c2nnc(N3CCOCC3)nc2-c2ccccc2)cc1
CC(C(F)(F)F)OC1=C(C=C(C=C1)C2=NC(=NO2)C3=CC4=C(C=C3)N=CN4)C(F)(F)F,-2.963787827345556,CC(Oc1ccc(-c2nc(-c3ccc4nc[nH]c4c3)no2)cc1C(F)(F)F)C(F)(F)F
CC1N(CCS1)C(=O)C2=CC3=C(C=C2)N=C(S3)C4=C(C=C(C=C4)CN5CC(C5)C(=O)O)F,-3.3096301674258988,CC1SCCN1C(=O)c1ccc2nc(-c3ccc(CN4CC(C(=O)O)C4)cc3F)sc2c1
CC1=CC(=CC(=C1OCCCNC(=O)CO)C)CCC(=O)C2=C3CC4C(C3=C(S2)C)C4(C)C,-2.7442929831226763,Cc1cc(CCC(=O)c2sc(C)c3c2CC2C3C2(C)C)cc(C)c1OCCCNC(=O)CO
CCCCCCCCC1=CC=C(C=C1)C2=CN=C(N2)C(COP(=O)(O)O)N.C(=O)(C(F)(F)F)O,-3.230448921378274,CCCCCCCCc1ccc(-c2cnc(C(N)COP(=O)(O)O)[nH]2)cc1.O=C(O)C(F)(F)F
CCC1=CC(=CC(=C1OCC(CNC(=O)CO)O)C)C2=NOC(=N2)C3=CC(=C(N=C3)C)OC4CCCC4,-1.57978359661681,CCc1cc(-c2noc(-c3cnc(C)c(OC4CCCC4)c3)n2)cc(C)c1OCC(O)CNC(=O)CO
CC1=CC(=CC(=C1OCCNC)C)CCC(=O)C2=C3CC4C(C3=C(S2)C)C4(C)C,-2.8920946026904804,CNCCOc1c(C)cc(CCC(=O)c2sc(C)c3c2CC2C3C2(C)C)cc1C
CCCCCCCCC1=CC=C(C=C1)CCC(CO)(COP(=O)(O)O)N,-0.5526682161121932,CCCCCCCCc1ccc(CCC(N)(CO)COP(=O)(O)O)cc1
C1C(CN1CC2=CC(=C(C=C2)C3=NC4=C(S3)N=C(C=C4)CC5=CC=CC=C5)F)C(=O)O,-2.6794278966121188,O=C(O)C1CN(Cc2ccc(-c3nc4ccc(Cc5ccccc5)nc4s3)c(F)c2)C1
C1CN(CCC1C(=O)O)CCC2=CC3=C(C=C2)OC(=N3)C4=CC(=C(C=C4)C5=CC=CC=C5)C(F)(F)F,-2.7000023971422538,O=C(O)C1CCN(CCc2ccc3oc(-c4ccc(-c5ccccc5)c(C(F)(F)F)c4)nc3c2)CC1
CCC1=CC(=CC(=C1OCC(CNC(=O)CO)O)C)C2=NOC(=N2)C3=CC(=C(C=C3)CN(C)C)C,-3.505149978319906,CCc1cc(-c2noc(-c3ccc(CN(C)C)c(C)c3)n2)cc(C)c1OCC(O)CNC(=O)CO
CC1=C(C=CC(=C1)CCC(=O)O)C2=NOC(=N2)C3=CC=C(C=C3)C4CCCCC4,-2.204119982655925,Cc1cc(CCC(=O)O)ccc1-c1noc(-c2ccc(C3CCCCC3)cc2)n1
CCC1=CC(=CC(=C1OCC(CNC(=O)CO)O)C)C2=NOC(=N2)C3=CC(=NC(=C3)CC(C)C)C,-1.5185139398778875,CCc1cc(-c2noc(-c3cc(C)nc(CC(C)C)c3)n2)cc(C)c1OCC(O)CNC(=O)CO
CCCCN(C1=NN=C(S1)C2=CC=C(C=C2)S(=O)(=O)NCCC(=O)O)C(=O)C3=CC=C(C=C3)C(F)(F)F,-2.7000023971422538,CCCCN(C(=O)c1ccc(C(F)(F)F)cc1)c1nnc(-c2ccc(S(=O)(=O)NCCC(=O)O)cc2)s1
CCC1=CC(=CC(=C1OCC(CNC(=O)CO)O)C)C2=NOC(=N2)C3=CC(=C(N=C3)N4CCCC4)CC,-2.24551266781415,CCc1cc(-c2nc(-c3cc(C)c(OCC(O)CNC(=O)CO)c(CC)c3)no2)cnc1N1CCCC1
CCCCCCCCCCCCC1=CC=C(C=C1)NC(=O)C(COP(=O)(O)O)N,-2.8692317197309762,CCCCCCCCCCCCc1ccc(NC(=O)C(N)COP(=O)(O)O)cc1
CC1=C(C=CC(=C1)CCCCCC(=O)O)C2=NOC(=N2)C3=CC=C(C=C3)C4CCCCC4,-3.0863598306747484,Cc1cc(CCCCCC(=O)O)ccc1-c1noc(-c2ccc(C3CCCCC3)cc2)n1
CCC(C)NC(=O)C1=C(N(C2=NC3=CC=CC=C3N=C12)CC4=CC5=C(C=C4)OCO5)N,-3.899273187317603,CCC(C)NC(=O)c1c(N)n(Cc2ccc3c(c2)OCO3)c2nc3ccccc3nc12
CN1C=C(C(=O)C2=CC=CC=C21)C(=O)NC3=NC=C(C(=C3)C(F)(F)F)C4=CC=CC=C4,-3.397940008672037,Cn1cc(C(=O)Nc2cc(C(F)(F)F)c(-c3ccccc3)cn2)c(=O)c2ccccc21
CCCCCCCCC1=CC=C(C=C1)NC(=O)C(COP(=O)(O)O)N.C(=O)(C(F)(F)F)O,-3.1760912590556813,CCCCCCCCc1ccc(NC(=O)C(N)COP(=O)(O)O)cc1.O=C(O)C(F)(F)F
CCCC1=NC(=CO1)C2=CC=C(C=C2)C3=CC=C(C=C3)CCC(CO)(COP(=O)(O)O)N.Cl,-2.6848453616444123,CCCc1nc(-c2ccc(-c3ccc(CCC(N)(CO)COP(=O)(O)O)cc3)cc2)co1.Cl
CC1=CC(=CC(=C1OCCO)C)CCC(=O)C2=C3CC4C(C3=C(S2)C)C4(C)C,-2.943988875073772,Cc1cc(CCC(=O)c2sc(C)c3c2CC2C3C2(C)C)cc(C)c1OCCO
CC(=NOCC1=CC(=C(C=C1)C2=CC=CO2)C(F)(F)F)C3=CC=C(C=C3)CNCCC(=O)O,-3.4771212547196626,CC(=NOCc1ccc(-c2ccco2)c(C(F)(F)F)c1)c1ccc(CNCCC(=O)O)cc1
C1C(CN1CC2=CC(=C(C=C2)C3=NC4=C(O3)C=CC(=C4)CC5=CC=CC=C5)F)C(=O)O,-2.549003262025788,O=C(O)C1CN(Cc2ccc(-c3nc4cc(Cc5ccccc5)ccc4o3)c(F)c2)C1
CC(C)OC1=C(C=C(C=C1)C2=NC(=NO2)C3=C4CCC(C4=CC=C3)N)C#N.Cl,-3.951580344903392,CC(C)Oc1ccc(-c2nc(-c3cccc4c3CCC4N)no2)cc1C#N.Cl
CCOC1=C(C=C(C=C1)C2=CC(=NO2)C(=O)N(C3CCCCC3)C4CCCCC4)OCC,-3.90687353472207,CCOc1ccc(-c2cc(C(=O)N(C3CCCCC3)C3CCCCC3)no2)cc1OCC
CCCC1=CC=C(C=C1)N2C=C(N=N2)C3=CC=C(C=C3)CCC(CO)(COP(=O)(O)O)N,-3.6710802327388494,CCCc1ccc(-n2cc(-c3ccc(CCC(N)(CO)COP(=O)(O)O)cc3)nn2)cc1
CCC1=CC=C(C=C1)CC2=CC=C(C=C2)OC3=CC=C(C=C3)CCC(CO)(COP(=O)(O)O)N,-3.2402995820027125,CCc1ccc(Cc2ccc(Oc3ccc(CCC(N)(CO)COP(=O)(O)O)cc3)cc2)cc1
CC1=C(ON=C1C2=CC=CC=C2)C3=NC(=NO3)C4=CC=C(C=C4)CN5CC(C5)C(=O)O,-3.9637878273455556,Cc1c(-c2ccccc2)noc1-c1nc(-c2ccc(CN3CC(C(=O)O)C3)cc2)no1
CN1C=C(C(=O)C2=CN=C(C=C21)CCC(=O)O)C(=O)NC3=CC(=C(C=C3)C4=CC=CC=C4)C(F)(F)F,-3.113943352306837,Cn1cc(C(=O)Nc2ccc(-c3ccccc3)c(C(F)(F)F)c2)c(=O)c2cnc(CCC(=O)O)cc21
CC(COP(=O)(O)O)(C(=O)NC1=CC=C(C=C1)OCCCCC2=CC=CC=C2)N,-2.0791812460476247,CC(N)(COP(=O)(O)O)C(=O)Nc1ccc(OCCCCc2ccccc2)cc1
CCC1=CC(=CC(=C1OCC(CNC(=O)CO)O)C)C2=NOC(=N2)C3=CC(=C(N=C3)N4CCCC4)C,-3.089905111439398,CCc1cc(-c2noc(-c3cnc(N4CCCC4)c(C)c3)n2)cc(C)c1OCC(O)CNC(=O)CO
CC1=CC=C(C=C1)CCCC(=O)C2=CC(=C(C=C2)COCC(C)(COP(=O)(O)O)N)Cl,-2.342422680822206,Cc1ccc(CCCC(=O)c2ccc(COCC(C)(N)COP(=O)(O)O)c(Cl)c2)cc1
C1C(CN1CC2=CC(=C(C=C2)N3C=C4C=CC(=CC4=N3)CC5=CC=CC=C5)F)C(=O)O,-3.4329692908744063,O=C(O)C1CN(Cc2ccc(-n3cc4ccc(Cc5ccccc5)cc4n3)c(F)c2)C1
CC1=CC(=CC(=C1OCCCO)C)CCC(=O)C2=C3CC4C(C3=C(S2)C)C4(C)C,-3.255272505103306,Cc1cc(CCC(=O)c2sc(C)c3c2CC2C3C2(C)C)cc(C)c1OCCCO
CC1=C(CCC2=C1C=CC(=C2)OCCCC3=CC=C(C=C3)F)CN4CC(C4)C(=O)O,-3.505149978319906,CC1=C(CN2CC(C(=O)O)C2)CCc2cc(OCCCc3ccc(F)cc3)ccc21
CCC1=CC(=CC(=C1OCC(CNC(=O)CO)O)C)C2=NOC(=N2)C3=CC(=C(N=C3)CC(C)C)C,-2.502427119984433,CCc1cc(-c2noc(-c3cnc(CC(C)C)c(C)c3)n2)cc(C)c1OCC(O)CNC(=O)CO
CC(C)C1=CC=C(C=C1)C2=NC(=CO2)C3=CC=C(C=C3)CCC(CO)(COP(=O)(O)O)N,-2.374748346010104,CC(C)c1ccc(-c2nc(-c3ccc(CCC(N)(CO)COP(=O)(O)O)cc3)co2)cc1
